Наименование;Артикул
OptiDin BM125-1C125-8ln-УХЛ3-RR;301857
OptiDin BM125-1C80-8ln-УХЛ3-RR;301858
OptiDin BM125-1D100-14ln-УХЛ3-RR;301859
OptiDin BM125-1D80-14ln-УХЛ3-RR;301860
OptiDin BM125-2C100-8ln-УХЛ3-RR;301861
OptiDin BM125-2C125-8ln-УХЛ3-RR;301862
OptiDin BM125-2C80-8ln-УХЛ3-RR;301863
OptiDin BM125-2D100-14ln-УХЛ3-RR;301864
OptiDin BM125-2D80-14ln-УХЛ3-RR;301865
OptiDin BM125-2NC100-8ln-УХЛ3-RR;301866
OptiDin BM125-2NC125-8ln-УХЛ3-RR;301867
OptiDin BM125-2NC80-8ln-УХЛ3-RR;301868
OptiDin BM125-2ND100-14ln-УХЛ3-RR;301869
OptiDin BM125-2ND80-14ln-УХЛ3-RR;301870
OptiDin BM125-3C100-8ln-УХЛ3-RR;301871
OptiDin BM125-3C125-8ln-УХЛ3-RR;301872
OptiDin BM125-3C80-8ln-УХЛ3-RR;301873
OptiDin BM125-3D100-14ln-УХЛ3-RR;301874
OptiDin BM125-3D80-14ln-УХЛ3-RR;301875
OptiDin BM125-4NC100-8ln-УХЛ3-RR;301876
OptiDin BM125-4NC125-8ln-УХЛ3-RR;301877
OptiDin BM125-4NC80-8ln-УХЛ3-RR;301878
OptiDin BM125-4ND100-14ln-УХЛ3-RR;301879
OptiDin BM125-4ND80-14ln-УХЛ3-RR;301880
OptiDin BM125-1C100-НР-8ln-УХЛ3-RR;364095
OptiDin BM125-1C125-НР-8ln-УХЛ3-RR;364096
OptiDin BM125-1C80-НР-8ln-УХЛ3-RR;364097
OptiDin BM125-1D100-НР-14ln-УХЛ3-RR;364098
OptiDin BM125-1D80-НР-14ln-УХЛ3-RR;364099
OptiDin BM125-2C100-НР-8ln-УХЛ3-RR;364100
OptiDin BM125-2C125-НР-8ln-УХЛ3-RR;364101
OptiDin BM125-2C80-НР-8ln-УХЛ3-RR;364102
OptiDin BM125-2D100-НР-14ln-УХЛ3-RR;364103
OptiDin BM125-2D80-НР-14ln-УХЛ3-RR;364104
OptiDin BM125-2NC100-НР-8ln-УХЛ3-RR;364105
OptiDin BM125-2NC125-НР-8ln-УХЛ3-RR;364106
OptiDin BM125-2NC80-НР-8ln-УХЛ3-RR;364107
OptiDin BM125-2ND100-НР-14ln-УХЛ3-RR;364108
OptiDin BM125-2ND80-НР-14ln-УХЛ3-RR;364109
OptiDin BM125-3C100-НР-8ln-УХЛ3-RR;364110
OptiDin BM125-3C125-НР-8ln-УХЛ3-RR;364111
OptiDin BM125-3C80-НР-8ln-УХЛ3-RR;364112
OptiDin BM125-3D100-НР-14ln-УХЛ3-RR;364113
OptiDin BM125-3D80-НР-14ln-УХЛ3-RR;364114
OptiDin BM125-4NC100-НР-8ln-УХЛ3-RR;364115
OptiDin BM125-4NC125-НР-8ln-УХЛ3-RR;364116
OptiDin BM125-4NC80-НР-8ln-УХЛ3-RR;364117
OptiDin BM125-4ND100-НР-14ln-УХЛ3-RR;364118
OptiDin BM125-4ND80-НР-14ln-УХЛ3-RR;364119
OptiDin BM125-MCK 2-RR;364120
OptiDin BM63-1B10-10-УХЛ3-RR;302112
OptiDin BM63-1B1-10-УХЛ3-RR;302111
OptiDin BM63-1B13-10-УХЛ3-RR;302113
OptiDin BM63-1B16-10-УХЛ3-RR;302114
OptiDin BM63-1B20-10-УХЛ3-RR;302116
OptiDin BM63-1B2-10-УХЛ3-RR;302115
OptiDin BM63-1B25-10-УХЛ3-RR;302117
OptiDin BM63-1B3-10-УХЛ3-RR;302118
OptiDin BM63-1B32-10-УХЛ3-RR;302119
OptiDin BM63-1B40-10-УХЛ3-RR;302121
OptiDin BM63-1B4-10-УХЛ3-RR;302120
OptiDin BM63-1B50-10-УХЛ3-RR;302123
OptiDin BM63-1B5-10-УХЛ3-RR;302122
OptiDin BM63-1B6-10-УХЛ3-RR;302124
OptiDin BM63-1B63-10-УХЛ3-RR;302125
OptiDin BM63-1B8-10-УХЛ3-RR;302126
OptiDin BM63-1C10-10-УХЛ3-RR;302128
OptiDin BM63-1C1-10-УХЛ3-RR;302127
OptiDin BM63-1C13-10-УХЛ3-RR;302129
OptiDin BM63-1C16-10-УХЛ3-RR;302130
OptiDin BM63-1C20-10-УХЛ3-RR;302132
OptiDin BM63-1C2-10-УХЛ3-RR;302131
OptiDin BM63-1C25-10-УХЛ3-RR;302133
OptiDin BM63-1C3-10-УХЛ3-RR;302134
OptiDin BM63-1C32-10-УХЛ3-RR;302135
OptiDin BM63-1C40-10-УХЛ3-RR;302137
OptiDin BM63-1C4-10-УХЛ3-RR;302136
OptiDin BM63-1C50-10-УХЛ3-RR;302139
OptiDin BM63-1C5-10-УХЛ3-RR;302138
OptiDin BM63-1C6-10-УХЛ3-RR;302140
OptiDin BM63-1C63-10-УХЛ3-RR;302141
OptiDin BM63-1C8-10-УХЛ3-RR;302142
OptiDin BM63-1D10-10-УХЛ3-RR;302144
OptiDin BM63-1D1-10-УХЛ3-RR;302143
OptiDin BM63-1D13-10-УХЛ3-RR;302145
OptiDin BM63-1D16-10-УХЛ3-RR;302146
OptiDin BM63-1D20-10-УХЛ3-RR;302148
OptiDin BM63-1D2-10-УХЛ3-RR;302147
OptiDin BM63-1D25-10-УХЛ3-RR;302149
OptiDin BM63-1D3-10-УХЛ3-RR;302150
OptiDin BM63-1D32-10-УХЛ3-RR;302151
OptiDin BM63-1D4-10-УХЛ3-RR;302152
OptiDin BM63-1D5-10-УХЛ3-RR;302153
OptiDin BM63-1D6-10-УХЛ3-RR;302154
OptiDin BM63-1D8-10-УХЛ3-RR;302155
OptiDin BM63-1K10-10-УХЛ3-RR;302157
OptiDin BM63-1K1-10-УХЛ3-RR;302156
OptiDin BM63-1K13-10-УХЛ3-RR;302158
OptiDin BM63-1K16-10-УХЛ3-RR;302159
OptiDin BM63-1K20-10-УХЛ3-RR;302161
OptiDin BM63-1K2-10-УХЛ3-RR;302160
OptiDin BM63-1K25-10-УХЛ3-RR;302162
OptiDin BM63-1K3-10-УХЛ3-RR;302163
OptiDin BM63-1K32-10-УХЛ3-RR;302164
OptiDin BM63-1K4-10-УХЛ3-RR;302165
OptiDin BM63-1K5-10-УХЛ3-RR;302166
OptiDin BM63-1K6-10-УХЛ3-RR;302167
OptiDin BM63-1K8-10-УХЛ3-RR;302168
OptiDin BM63-1L10-10-УХЛ3-RR;302170
OptiDin BM63-1L1-10-УХЛ3-RR;302169
OptiDin BM63-1L13-10-УХЛ3-RR;302171
OptiDin BM63-1L16-10-УХЛ3-RR;302172
OptiDin BM63-1L20-10-УХЛ3-RR;302174
OptiDin BM63-1L2-10-УХЛ3-RR;302173
OptiDin BM63-1L25-10-УХЛ3-RR;302175
OptiDin BM63-1L3-10-УХЛ3-RR;302176
OptiDin BM63-1L32-10-УХЛ3-RR;302177
OptiDin BM63-1L40-10-УХЛ3-RR;302179
OptiDin BM63-1L4-10-УХЛ3-RR;302178
OptiDin BM63-1L50-10-УХЛ3-RR;302181
OptiDin BM63-1L5-10-УХЛ3-RR;302180
OptiDin BM63-1L6-10-УХЛ3-RR;302182
OptiDin BM63-1L63-10-УХЛ3-RR;302183
OptiDin BM63-1L8-10-УХЛ3-RR;302184
OptiDin BM63-1Z10-10-УХЛ3-RR;302186
OptiDin BM63-1Z1-10-УХЛ3-RR;302185
OptiDin BM63-1Z13-10-УХЛ3-RR;302187
OptiDin BM63-1Z16-10-УХЛ3-RR;302188
OptiDin BM63-1Z20-10-УХЛ3-RR;302190
OptiDin BM63-1Z2-10-УХЛ3-RR;302189
OptiDin BM63-1Z25-10-УХЛ3-RR;302191
OptiDin BM63-1Z3-10-УХЛ3-RR;302192
OptiDin BM63-1Z32-10-УХЛ3-RR;302193
OptiDin BM63-1Z40-10-УХЛ3-RR;302195
OptiDin BM63-1Z4-10-УХЛ3-RR;302194
OptiDin BM63-1Z50-10-УХЛ3-RR;302197
OptiDin BM63-1Z5-10-УХЛ3-RR;302196
OptiDin BM63-1Z6-10-УХЛ3-RR;302198
OptiDin BM63-1Z63-10-УХЛ3-RR;302199
OptiDin BM63-1Z8-10-УХЛ3-RR;302200
OptiDin BM63-2B10-10-УХЛ3-RR;302202
OptiDin BM63-2B1-10-УХЛ3-RR;302201
OptiDin BM63-2B13-10-УХЛ3-RR;302203
OptiDin BM63-2B16-10-УХЛ3-RR;302204
OptiDin BM63-2B20-10-УХЛ3-RR;302206
OptiDin BM63-2B2-10-УХЛ3-RR;302205
OptiDin BM63-2B25-10-УХЛ3-RR;302207
OptiDin BM63-2B3-10-УХЛ3-RR;302208
OptiDin BM63-2B32-10-УХЛ3-RR;302209
OptiDin BM63-2B40-10-УХЛ3-RR;302211
OptiDin BM63-2B4-10-УХЛ3-RR;302210
OptiDin BM63-2B50-10-УХЛ3-RR;302213
OptiDin BM63-2B5-10-УХЛ3-RR;302212
OptiDin BM63-2B6-10-УХЛ3-RR;302214
OptiDin BM63-2B63-10-УХЛ3-RR;302215
OptiDin BM63-2B8-10-УХЛ3-RR;302216
OptiDin BM63-2C10-10-УХЛ3-RR;302218
OptiDin BM63-2C1-10-УХЛ3-RR;302217
OptiDin BM63-2C13-10-УХЛ3-RR;302219
OptiDin BM63-2C16-10-УХЛ3-RR;302220
OptiDin BM63-2C20-10-УХЛ3-RR;302222
OptiDin BM63-2C2-10-УХЛ3-RR;302221
OptiDin BM63-2C25-10-УХЛ3-RR;302223
OptiDin BM63-2C3-10-УХЛ3-RR;302224
OptiDin BM63-2C32-10-УХЛ3-RR;302225
OptiDin BM63-2C40-10-УХЛ3-RR;302227
OptiDin BM63-2C4-10-УХЛ3-RR;302226
OptiDin BM63-2C50-10-УХЛ3-RR;302229
OptiDin BM63-2C5-10-УХЛ3-RR;302228
OptiDin BM63-2C6-10-УХЛ3-RR;302230
OptiDin BM63-2C63-10-УХЛ3-RR;302231
OptiDin BM63-2C8-10-УХЛ3-RR;302232
OptiDin BM63-2D10-10-УХЛ3-RR;302234
OptiDin BM63-2D1-10-УХЛ3-RR;302233
OptiDin BM63-2D13-10-УХЛ3-RR;302235
OptiDin BM63-2D16-10-УХЛ3-RR;302236
OptiDin BM63-2D20-10-УХЛ3-RR;302238
OptiDin BM63-2D2-10-УХЛ3-RR;302237
OptiDin BM63-2D25-10-УХЛ3-RR;302239
OptiDin BM63-2D3-10-УХЛ3-RR;302240
OptiDin BM63-2D32-10-УХЛ3-RR;302241
OptiDin BM63-2D4-10-УХЛ3-RR;302242
OptiDin BM63-2D5-10-УХЛ3-RR;302243
OptiDin BM63-2D6-10-УХЛ3-RR;302244
OptiDin BM63-2D8-10-УХЛ3-RR;302245
OptiDin BM63-2K10-10-УХЛ3-RR;302247
OptiDin BM63-2K1-10-УХЛ3-RR;302246
OptiDin BM63-2K13-10-УХЛ3-RR;302248
OptiDin BM63-2K16-10-УХЛ3-RR;302249
OptiDin BM63-2K20-10-УХЛ3-RR;302251
OptiDin BM63-2K2-10-УХЛ3-RR;302250
OptiDin BM63-2K25-10-УХЛ3-RR;302252
OptiDin BM63-2K3-10-УХЛ3-RR;302253
OptiDin BM63-2K32-10-УХЛ3-RR;302254
OptiDin BM63-2K4-10-УХЛ3-RR;302255
OptiDin BM63-2K5-10-УХЛ3-RR;302256
OptiDin BM63-2K6-10-УХЛ3-RR;302257
OptiDin BM63-2K8-10-УХЛ3-RR;302258
OptiDin BM63-2L10-10-УХЛ3-RR;302260
OptiDin BM63-2L1-10-УХЛ3-RR;302259
OptiDin BM63-2L13-10-УХЛ3-RR;302261
OptiDin BM63-2L16-10-УХЛ3-RR;302262
OptiDin BM63-2L20-10-УХЛ3-RR;302264
OptiDin BM63-2L2-10-УХЛ3-RR;302263
OptiDin BM63-2L25-10-УХЛ3-RR;302265
OptiDin BM63-2L3-10-УХЛ3-RR;302266
OptiDin BM63-2L32-10-УХЛ3-RR;302267
OptiDin BM63-2L40-10-УХЛ3-RR;302269
OptiDin BM63-2L4-10-УХЛ3-RR;302268
OptiDin BM63-2L50-10-УХЛ3-RR;302271
OptiDin BM63-2L5-10-УХЛ3-RR;302270
OptiDin BM63-2L6-10-УХЛ3-RR;302272
OptiDin BM63-2L63-10-УХЛ3-RR;302273
OptiDin BM63-2L8-10-УХЛ3-RR;302274
OptiDin BM63-2NB10-10-УХЛ3-RR;302276
OptiDin BM63-2NB1-10-УХЛ3-RR;302275
OptiDin BM63-2NB13-10-УХЛ3-RR;302277
OptiDin BM63-2NB16-10-УХЛ3-RR;302278
OptiDin BM63-2NB20-10-УХЛ3-RR;302280
OptiDin BM63-2NB2-10-УХЛ3-RR;302279
OptiDin BM63-2NB25-10-УХЛ3-RR;302281
OptiDin BM63-2NB3-10-УХЛ3-RR;302282
OptiDin BM63-2NB32-10-УХЛ3-RR;302283
OptiDin BM63-2NB40-10-УХЛ3-RR;302285
OptiDin BM63-2NB4-10-УХЛ3-RR;302284
OptiDin BM63-2NB50-10-УХЛ3-RR;302287
OptiDin BM63-2NB5-10-УХЛ3-RR;302286
OptiDin BM63-2NB6-10-УХЛ3-RR;302288
OptiDin BM63-2NB63-10-УХЛ3-RR;302289
OptiDin BM63-2NB8-10-УХЛ3-RR;302290
OptiDin BM63-2NC10-10-УХЛ3-RR;302292
OptiDin BM63-2NC1-10-УХЛ3-RR;302291
OptiDin BM63-2NC13-10-УХЛ3-RR;302293
OptiDin BM63-2NC16-10-УХЛ3-RR;302294
OptiDin BM63-2NC20-10-УХЛ3-RR;302296
OptiDin BM63-2NC2-10-УХЛ3-RR;302295
OptiDin BM63-2NC25-10-УХЛ3-RR;302297
OptiDin BM63-2NC3-10-УХЛ3-RR;302298
OptiDin BM63-2NC32-10-УХЛ3-RR;302299
OptiDin BM63-2NC40-10-УХЛ3-RR;302301
OptiDin BM63-2NC4-10-УХЛ3-RR;302300
OptiDin BM63-2NC50-10-УХЛ3-RR;302303
OptiDin BM63-2NC5-10-УХЛ3-RR;302302
OptiDin BM63-2NC6-10-УХЛ3-RR;302304
OptiDin BM63-2NC63-10-УХЛ3-RR;302305
OptiDin BM63-2NC8-10-УХЛ3-RR;302306
OptiDin BM63-2ND10-10-УХЛ3-RR;302308
OptiDin BM63-2ND1-10-УХЛ3-RR;302307
OptiDin BM63-2ND13-10-УХЛ3-RR;302309
OptiDin BM63-2ND16-10-УХЛ3-RR;302310
OptiDin BM63-2ND20-10-УХЛ3-RR;302312
OptiDin BM63-2ND2-10-УХЛ3-RR;302311
OptiDin BM63-2ND25-10-УХЛ3-RR;302313
OptiDin BM63-2ND3-10-УХЛ3-RR;302314
OptiDin BM63-2ND4-10-УХЛ3-RR;302315
OptiDin BM63-2ND5-10-УХЛ3-RR;302316
OptiDin BM63-2ND6-10-УХЛ3-RR;302317
OptiDin BM63-2ND8-10-УХЛ3-RR;302318
OptiDin BM63-2NK10-10-УХЛ3-RR;302320
OptiDin BM63-2NK1-10-УХЛ3-RR;302319
OptiDin BM63-2NK13-10-УХЛ3-RR;302321
OptiDin BM63-2NK16-10-УХЛ3-RR;302322
OptiDin BM63-2NK20-10-УХЛ3-RR;302324
OptiDin BM63-2NK2-10-УХЛ3-RR;302323
OptiDin BM63-2NK25-10-УХЛ3-RR;302325
OptiDin BM63-2NK3-10-УХЛ3-RR;302326
OptiDin BM63-2NK4-10-УХЛ3-RR;302327
OptiDin BM63-2NK5-10-УХЛ3-RR;302328
OptiDin BM63-2NK6-10-УХЛ3-RR;302329
OptiDin BM63-2NK8-10-УХЛ3-RR;302330
OptiDin BM63-2NL10-10-УХЛ3-RR;302332
OptiDin BM63-2NL1-10-УХЛ3-RR;302331
OptiDin BM63-2NL13-10-УХЛ3-RR;302333
OptiDin BM63-2NL16-10-УХЛ3-RR;302334
OptiDin BM63-2NL20-10-УХЛ3-RR;302336
OptiDin BM63-2NL2-10-УХЛ3-RR;302335
OptiDin BM63-2NL25-10-УХЛ3-RR;302337
OptiDin BM63-2NL3-10-УХЛ3-RR;302338
OptiDin BM63-2NL32-10-УХЛ3-RR;302339
OptiDin BM63-2NL40-10-УХЛ3-RR;302341
OptiDin BM63-2NL4-10-УХЛ3-RR;302340
OptiDin BM63-2NL50-10-УХЛ3-RR;302343
OptiDin BM63-2NL5-10-УХЛ3-RR;302342
OptiDin BM63-2NL6-10-УХЛ3-RR;302344
OptiDin BM63-2NL63-10-УХЛ3-RR;302345
OptiDin BM63-2NL8-10-УХЛ3-RR;302346
OptiDin BM63-2NZ10-10-УХЛ3-RR;302348
OptiDin BM63-2NZ1-10-УХЛ3-RR;302347
OptiDin BM63-2NZ13-10-УХЛ3-RR;302349
OptiDin BM63-2NZ16-10-УХЛ3-RR;302350
OptiDin BM63-2NZ20-10-УХЛ3-RR;302352
OptiDin BM63-2NZ2-10-УХЛ3-RR;302351
OptiDin BM63-2NZ25-10-УХЛ3-RR;302353
OptiDin BM63-2NZ3-10-УХЛ3-RR;302354
OptiDin BM63-2NZ32-10-УХЛ3-RR;302355
OptiDin BM63-2NZ40-10-УХЛ3-RR;302357
OptiDin BM63-2NZ4-10-УХЛ3-RR;302356
OptiDin BM63-2NZ50-10-УХЛ3-RR;302359
OptiDin BM63-2NZ5-10-УХЛ3-RR;302358
OptiDin BM63-2NZ6-10-УХЛ3-RR;302360
OptiDin BM63-2NZ63-10-УХЛ3-RR;302361
OptiDin BM63-2NZ8-10-УХЛ3-RR;302362
OptiDin BM63-2Z10-10-УХЛ3-RR;302364
OptiDin BM63-2Z1-10-УХЛ3-RR;302363
OptiDin BM63-2Z13-10-УХЛ3-RR;302365
OptiDin BM63-2Z16-10-УХЛ3-RR;302366
OptiDin BM63-2Z20-10-УХЛ3-RR;302368
OptiDin BM63-2Z2-10-УХЛ3-RR;302367
OptiDin BM63-2Z25-10-УХЛ3-RR;302369
OptiDin BM63-2Z3-10-УХЛ3-RR;302370
OptiDin BM63-2Z32-10-УХЛ3-RR;302371
OptiDin BM63-2Z40-10-УХЛ3-RR;302373
OptiDin BM63-2Z4-10-УХЛ3-RR;302372
OptiDin BM63-2Z50-10-УХЛ3-RR;302375
OptiDin BM63-2Z5-10-УХЛ3-RR;302374
OptiDin BM63-2Z6-10-УХЛ3-RR;302376
OptiDin BM63-2Z63-10-УХЛ3-RR;302377
OptiDin BM63-2Z8-10-УХЛ3-RR;302378
OptiDin BM63-3B10-10-УХЛ3-RR;302380
OptiDin BM63-3B1-10-УХЛ3-RR;302379
OptiDin BM63-3B13-10-УХЛ3-RR;302381
OptiDin BM63-3B16-10-УХЛ3-RR;302382
OptiDin BM63-3B20-10-УХЛ3-RR;302384
OptiDin BM63-3B2-10-УХЛ3-RR;302383
OptiDin BM63-3B25-10-УХЛ3-RR;302385
OptiDin BM63-3B3-10-УХЛ3-RR;302386
OptiDin BM63-3B32-10-УХЛ3-RR;302387
OptiDin BM63-3B40-10-УХЛ3-RR;302389
OptiDin BM63-3B4-10-УХЛ3-RR;302388
OptiDin BM63-3B50-10-УХЛ3-RR;302391
OptiDin BM63-3B5-10-УХЛ3-RR;302390
OptiDin BM63-3B6-10-УХЛ3-RR;302392
OptiDin BM63-3B63-10-УХЛ3-RR;302393
OptiDin BM63-3B8-10-УХЛ3-RR;302394
OptiDin BM63-3C10-10-УХЛ3-RR;302396
OptiDin BM63-3C1-10-УХЛ3-RR;302395
OptiDin BM63-3C13-10-УХЛ3-RR;302397
OptiDin BM63-3C16-10-УХЛ3-RR;302398
OptiDin BM63-3C20-10-УХЛ3-RR;302400
OptiDin BM63-3C2-10-УХЛ3-RR;302399
OptiDin BM63-3C25-10-УХЛ3-RR;302401
OptiDin BM63-3C31,5-10-УХЛ3-RR;302403
OptiDin BM63-3C3-10-УХЛ3-RR;302402
OptiDin BM63-3C32-10-УХЛ3-RR;302404
OptiDin BM63-3C40-10-УХЛ3-RR;302406
OptiDin BM63-3C4-10-УХЛ3-RR;302405
OptiDin BM63-3C50-10-УХЛ3-RR;302408
OptiDin BM63-3C5-10-УХЛ3-RR;302407
OptiDin BM63-3C6-10-УХЛ3-RR;302409
OptiDin BM63-3C63-10-УХЛ3-RR;302410
OptiDin BM63-3C8-10-УХЛ3-RR;302411
OptiDin BM63-3D10-10-УХЛ3-RR;302413
OptiDin BM63-3D1-10-УХЛ3-RR;302412
OptiDin BM63-3D13-10-УХЛ3-RR;302414
OptiDin BM63-3D16-10-УХЛ3-RR;302415
OptiDin BM63-3D20-10-УХЛ3-RR;302417
OptiDin BM63-3D2-10-УХЛ3-RR;302416
OptiDin BM63-3D25-10-УХЛ3-RR;302418
OptiDin BM63-3D3-10-УХЛ3-RR;302419
OptiDin BM63-3D32-10-УХЛ3-RR;302420
OptiDin BM63-3D4-10-УХЛ3-RR;302421
OptiDin BM63-3D5-10-УХЛ3-RR;302422
OptiDin BM63-3D6-10-УХЛ3-RR;302423
OptiDin BM63-3D8-10-УХЛ3-RR;302424
OptiDin BM63-3K10-10-УХЛ3-RR;302426
OptiDin BM63-3K1-10-УХЛ3-RR;302425
OptiDin BM63-3K13-10-УХЛ3-RR;302427
OptiDin BM63-3K16-10-УХЛ3-RR;302428
OptiDin BM63-3K20-10-УХЛ3-RR;302430
OptiDin BM63-3K2-10-УХЛ3-RR;302429
OptiDin BM63-3K25-10-УХЛ3-RR;302431
OptiDin BM63-3K3-10-УХЛ3-RR;302432
OptiDin BM63-3K32-10-УХЛ3-RR;302433
OptiDin BM63-3K4-10-УХЛ3-RR;302434
OptiDin BM63-3K5-10-УХЛ3-RR;302435
OptiDin BM63-3K6-10-УХЛ3-RR;302436
OptiDin BM63-3K8-10-УХЛ3-RR;302437
OptiDin BM63-3L10-10-УХЛ3-RR;302439
OptiDin BM63-3L1-10-УХЛ3-RR;302438
OptiDin BM63-3L13-10-УХЛ3-RR;302440
OptiDin BM63-3L16-10-УХЛ3-RR;302441
OptiDin BM63-3L20-10-УХЛ3-RR;302443
OptiDin BM63-3L2-10-УХЛ3-RR;302442
OptiDin BM63-3L25-10-УХЛ3-RR;302444
OptiDin BM63-3L3-10-УХЛ3-RR;302445
OptiDin BM63-3L32-10-УХЛ3-RR;297942
OptiDin BM63-3L40-10-УХЛ3-RR;302447
OptiDin BM63-3L4-10-УХЛ3-RR;302446
OptiDin BM63-3L50-10-УХЛ3-RR;302449
OptiDin BM63-3L5-10-УХЛ3-RR;302448
OptiDin BM63-3L6-10-УХЛ3-RR;302450
OptiDin BM63-3L63-10-УХЛ3-RR;302451
OptiDin BM63-3L8-10-УХЛ3-RR;302452
OptiDin BM63-3Z10-10-УХЛ3-RR;302454
OptiDin BM63-3Z1-10-УХЛ3-RR;302453
OptiDin BM63-3Z13-10-УХЛ3-RR;302455
OptiDin BM63-3Z16-10-УХЛ3-RR;302456
OptiDin BM63-3Z20-10-УХЛ3-RR;302458
OptiDin BM63-3Z2-10-УХЛ3-RR;302457
OptiDin BM63-3Z25-10-УХЛ3-RR;302459
OptiDin BM63-3Z3-10-УХЛ3-RR;302460
OptiDin BM63-3Z32-10-УХЛ3-RR;302461
OptiDin BM63-3Z40-10-УХЛ3-RR;302463
OptiDin BM63-3Z4-10-УХЛ3-RR;302462
OptiDin BM63-3Z50-10-УХЛ3-RR;302465
OptiDin BM63-3Z5-10-УХЛ3-RR;302464
OptiDin BM63-3Z6-10-УХЛ3-RR;302466
OptiDin BM63-3Z63-10-УХЛ3-RR;302467
OptiDin BM63-3Z8-10-УХЛ3-RR;302468
OptiDin BM63-4B10-10-УХЛ3-RR;302470
OptiDin BM63-4B1-10-УХЛ3-RR;302469
OptiDin BM63-4B13-10-УХЛ3-RR;302471
OptiDin BM63-4B16-10-УХЛ3-RR;302472
OptiDin BM63-4B20-10-УХЛ3-RR;302474
OptiDin BM63-4B2-10-УХЛ3-RR;302473
OptiDin BM63-4B25-10-УХЛ3-RR;302475
OptiDin BM63-4B3-10-УХЛ3-RR;302476
OptiDin BM63-4B32-10-УХЛ3-RR;302477
OptiDin BM63-4B40-10-УХЛ3-RR;302479
OptiDin BM63-4B4-10-УХЛ3-RR;302478
OptiDin BM63-4B50-10-УХЛ3-RR;302481
OptiDin BM63-4B5-10-УХЛ3-RR;302480
OptiDin BM63-4B6-10-УХЛ3-RR;302482
OptiDin BM63-4B63-10-УХЛ3-RR;302483
OptiDin BM63-4B8-10-УХЛ3-RR;302484
OptiDin BM63-4C10-10-УХЛ3-RR;302486
OptiDin BM63-4C1-10-УХЛ3-RR;302485
OptiDin BM63-4C13-10-УХЛ3-RR;302487
OptiDin BM63-4C16-10-УХЛ3-RR;302488
OptiDin BM63-4C20-10-УХЛ3-RR;302490
OptiDin BM63-4C2-10-УХЛ3-RR;302489
OptiDin BM63-4C25-10-УХЛ3-RR;302491
OptiDin BM63-4C3-10-УХЛ3-RR;302492
OptiDin BM63-4C32-10-УХЛ3-RR;302493
OptiDin BM63-4C40-10-УХЛ3-RR;302495
OptiDin BM63-4C4-10-УХЛ3-RR;302494
OptiDin BM63-4C50-10-УХЛ3-RR;302497
OptiDin BM63-4C5-10-УХЛ3-RR;302496
OptiDin BM63-4C6-10-УХЛ3-RR;302498
OptiDin BM63-4C63-10-УХЛ3-RR;302499
OptiDin BM63-4C8-10-УХЛ3-RR;302500
OptiDin BM63-4D10-10-УХЛ3-RR;302502
OptiDin BM63-4D1-10-УХЛ3-RR;302501
OptiDin BM63-4D13-10-УХЛ3-RR;302503
OptiDin BM63-4D16-10-УХЛ3-RR;302504
OptiDin BM63-4D20-10-УХЛ3-RR;302506
OptiDin BM63-4D2-10-УХЛ3-RR;302505
OptiDin BM63-4D25-10-УХЛ3-RR;302507
OptiDin BM63-4D3-10-УХЛ3-RR;302508
OptiDin BM63-4D32-10-УХЛ3-RR;302509
OptiDin BM63-4D4-10-УХЛ3-RR;302510
OptiDin BM63-4D5-10-УХЛ3-RR;302511
OptiDin BM63-4D6-10-УХЛ3-RR;302512
OptiDin BM63-4D8-10-УХЛ3-RR;302513
OptiDin BM63-4K10-10-УХЛ3-RR;302515
OptiDin BM63-4K1-10-УХЛ3-RR;302514
OptiDin BM63-4K13-10-УХЛ3-RR;302516
OptiDin BM63-4K16-10-УХЛ3-RR;302517
OptiDin BM63-4K20-10-УХЛ3-RR;302519
OptiDin BM63-4K2-10-УХЛ3-RR;302518
OptiDin BM63-4K25-10-УХЛ3-RR;302520
OptiDin BM63-4K3-10-УХЛ3-RR;302521
OptiDin BM63-4K32-10-УХЛ3-RR;302522
OptiDin BM63-4K4-10-УХЛ3-RR;302523
OptiDin BM63-4K5-10-УХЛ3-RR;302524
OptiDin BM63-4K6-10-УХЛ3-RR;302525
OptiDin BM63-4K8-10-УХЛ3-RR;302526
OptiDin BM63-4L10-10-УХЛ3-RR;302528
OptiDin BM63-4L1-10-УХЛ3-RR;302527
OptiDin BM63-4L13-10-УХЛ3-RR;302529
OptiDin BM63-4L16-10-УХЛ3-RR;302530
OptiDin BM63-4L20-10-УХЛ3-RR;302532
OptiDin BM63-4L2-10-УХЛ3-RR;302531
OptiDin BM63-4L25-10-УХЛ3-RR;302533
OptiDin BM63-4L3-10-УХЛ3-RR;302534
OptiDin BM63-4L32-10-УХЛ3-RR;302535
OptiDin BM63-4L40-10-УХЛ3-RR;302537
OptiDin BM63-4L4-10-УХЛ3-RR;302536
OptiDin BM63-4L50-10-УХЛ3-RR;302539
OptiDin BM63-4L5-10-УХЛ3-RR;302538
OptiDin BM63-4L6-10-УХЛ3-RR;302540
OptiDin BM63-4L63-10-УХЛ3-RR;302541
OptiDin BM63-4L8-10-УХЛ3-RR;302542
OptiDin BM63-4NB10-10-УХЛ3-RR;302544
OptiDin BM63-4NB1-10-УХЛ3-RR;302543
OptiDin BM63-4NB13-10-УХЛ3-RR;302545
OptiDin BM63-4NB16-10-УХЛ3-RR;302546
OptiDin BM63-4NB20-10-УХЛ3-RR;302548
OptiDin BM63-4NB2-10-УХЛ3-RR;302547
OptiDin BM63-4NB25-10-УХЛ3-RR;302549
OptiDin BM63-4NB3-10-УХЛ3-RR;302550
OptiDin BM63-4NB32-10-УХЛ3-RR;302551
OptiDin BM63-4NB40-10-УХЛ3-RR;302553
OptiDin BM63-4NB4-10-УХЛ3-RR;302552
OptiDin BM63-4NB50-10-УХЛ3-RR;302555
OptiDin BM63-4NB5-10-УХЛ3-RR;302554
OptiDin BM63-4NB6-10-УХЛ3-RR;302556
OptiDin BM63-4NB63-10-УХЛ3-RR;302557
OptiDin BM63-4NB8-10-УХЛ3-RR;302558
OptiDin BM63-4NC10-10-УХЛ3-RR;302560
OptiDin BM63-4NC1-10-УХЛ3-RR;302559
OptiDin BM63-4NC13-10-УХЛ3-RR;302561
OptiDin BM63-4NC16-10-УХЛ3-RR;302562
OptiDin BM63-4NC20-10-УХЛ3-RR;302564
OptiDin BM63-4NC2-10-УХЛ3-RR;302563
OptiDin BM63-4NC25-10-УХЛ3-RR;302565
OptiDin BM63-4NC3-10-УХЛ3-RR;302566
OptiDin BM63-4NC32-10-УХЛ3-RR;302567
OptiDin BM63-4NC40-10-УХЛ3-RR;302569
OptiDin BM63-4NC4-10-УХЛ3-RR;302568
OptiDin BM63-4NC50-10-УХЛ3-RR;302571
OptiDin BM63-4NC5-10-УХЛ3-RR;302570
OptiDin BM63-4NC6-10-УХЛ3-RR;302572
OptiDin BM63-4NC63-10-УХЛ3-RR;302573
OptiDin BM63-4NC8-10-УХЛ3-RR;302574
OptiDin BM63-4ND10-10-УХЛ3-RR;302576
OptiDin BM63-4ND1-10-УХЛ3-RR;302575
OptiDin BM63-4ND13-10-УХЛ3-RR;302577
OptiDin BM63-4ND16-10-УХЛ3-RR;302578
OptiDin BM63-4ND20-10-УХЛ3-RR;302580
OptiDin BM63-4ND2-10-УХЛ3-RR;302579
OptiDin BM63-4ND25-10-УХЛ3-RR;302581
OptiDin BM63-4ND3-10-УХЛ3-RR;302582
OptiDin BM63-4ND4-10-УХЛ3-RR;302583
OptiDin BM63-4ND5-10-УХЛ3-RR;302584
OptiDin BM63-4ND6-10-УХЛ3-RR;302585
OptiDin BM63-4ND8-10-УХЛ3-RR;302586
OptiDin BM63-4NK10-10-УХЛ3-RR;302588
OptiDin BM63-4NK1-10-УХЛ3-RR;302587
OptiDin BM63-4NK13-10-УХЛ3-RR;302589
OptiDin BM63-4NK16-10-УХЛ3-RR;302590
OptiDin BM63-4NK20-10-УХЛ3-RR;302592
OptiDin BM63-4NK2-10-УХЛ3-RR;302591
OptiDin BM63-4NK25-10-УХЛ3-RR;302593
OptiDin BM63-4NK3-10-УХЛ3-RR;302594
OptiDin BM63-4NK4-10-УХЛ3-RR;302595
OptiDin BM63-4NK5-10-УХЛ3-RR;302596
OptiDin BM63-4NK6-10-УХЛ3-RR;302597
OptiDin BM63-4NK8-10-УХЛ3-RR;302598
OptiDin BM63-4NL10-10-УХЛ3-RR;302600
OptiDin BM63-4NL1-10-УХЛ3-RR;302599
OptiDin BM63-4NL13-10-УХЛ3-RR;302601
OptiDin BM63-4NL16-10-УХЛ3-RR;302602
OptiDin BM63-4NL20-10-УХЛ3-RR;302604
OptiDin BM63-4NL2-10-УХЛ3-RR;302603
OptiDin BM63-4NL25-10-УХЛ3-RR;302605
OptiDin BM63-4NL3-10-УХЛ3-RR;302606
OptiDin BM63-4NL32-10-УХЛ3-RR;302607
OptiDin BM63-4NL40-10-УХЛ3-RR;302609
OptiDin BM63-4NL4-10-УХЛ3-RR;302608
OptiDin BM63-4NL50-10-УХЛ3-RR;302611
OptiDin BM63-4NL5-10-УХЛ3-RR;302610
OptiDin BM63-4NL6-10-УХЛ3-RR;302612
OptiDin BM63-4NL63-10-УХЛ3-RR;302613
OptiDin BM63-4NL8-10-УХЛ3-RR;302614
OptiDin BM63-4NZ10-10-УХЛ3-RR;302616
OptiDin BM63-4NZ1-10-УХЛ3-RR;302615
OptiDin BM63-4NZ13-10-УХЛ3-RR;302617
OptiDin BM63-4NZ16-10-УХЛ3-RR;302618
OptiDin BM63-4NZ20-10-УХЛ3-RR;302620
OptiDin BM63-4NZ2-10-УХЛ3-RR;302619
OptiDin BM63-4NZ25-10-УХЛ3-RR;302621
OptiDin BM63-4NZ3-10-УХЛ3-RR;302622
OptiDin BM63-4NZ32-10-УХЛ3-RR;302623
OptiDin BM63-4NZ40-10-УХЛ3-RR;302625
OptiDin BM63-4NZ4-10-УХЛ3-RR;302624
OptiDin BM63-4NZ50-10-УХЛ3-RR;302627
OptiDin BM63-4NZ5-10-УХЛ3-RR;302626
OptiDin BM63-4NZ6-10-УХЛ3-RR;302628
OptiDin BM63-4NZ63-10-УХЛ3-RR;302629
OptiDin BM63-4NZ8-10-УХЛ3-RR;302630
OptiDin BM63-4Z10-10-УХЛ3-RR;302632
OptiDin BM63-4Z1-10-УХЛ3-RR;302631
OptiDin BM63-4Z13-10-УХЛ3-RR;302633
OptiDin BM63-4Z16-10-УХЛ3-RR;302634
OptiDin BM63-4Z20-10-УХЛ3-RR;302636
OptiDin BM63-4Z2-10-УХЛ3-RR;302635
OptiDin BM63-4Z25-10-УХЛ3-RR;302637
OptiDin BM63-4Z3-10-УХЛ3-RR;302638
OptiDin BM63-4Z32-10-УХЛ3-RR;302639
OptiDin BM63-4Z40-10-УХЛ3-RR;302641
OptiDin BM63-4Z4-10-УХЛ3-RR;302640
OptiDin BM63-4Z50-10-УХЛ3-RR;302643
OptiDin BM63-4Z5-10-УХЛ3-RR;302642
OptiDin BM63-4Z6-10-УХЛ3-RR;302644
OptiDin BM63-4Z63-10-УХЛ3-RR;302645
OptiDin BM63-4Z8-10-УХЛ3-RR;302646
OptiDin ВМ63-1B10-15-УЗЛ3-RR;364121
OptiDin ВМ63-1B1-15-УЗЛ3-RR;364122
OptiDin ВМ63-1B13-15-УЗЛ3-RR;364123
OptiDin ВМ63-1B16-15-УЗЛ3-RR;364124
OptiDin ВМ63-1B20-15-УЗЛ3-RR;364125
OptiDin ВМ63-1B2-15-УЗЛ3-RR;364126
OptiDin ВМ63-1B25-15-УЗЛ3-RR;364127
OptiDin ВМ63-1B3-15-УЗЛ3-RR;364128
OptiDin ВМ63-1B32-15-УЗЛ3-RR;364129
OptiDin ВМ63-1B4-15-УЗЛ3-RR;364130
OptiDin ВМ63-1B5-15-УЗЛ3-RR;364131
OptiDin ВМ63-1B6-15-УЗЛ3-RR;364132
OptiDin ВМ63-1B8-15-УЗЛ3-RR;364133
OptiDin ВМ63-1C10-15-УЗЛ3-RR;364134
OptiDin ВМ63-1C1-15-УЗЛ3-RR;364135
OptiDin ВМ63-1C13-15-УЗЛ3-RR;364136
OptiDin ВМ63-1C16-15-УЗЛ3-RR;364137
OptiDin ВМ63-1C20-15-УЗЛ3-RR;364138
OptiDin ВМ63-1C2-15-УЗЛ3-RR;364139
OptiDin ВМ63-1C25-15-УЗЛ3-RR;364140
OptiDin ВМ63-1C3-15-УЗЛ3-RR;364141
OptiDin ВМ63-1C32-15-УЗЛ3-RR;364142
OptiDin ВМ63-1C4-15-УЗЛ3-RR;364143
OptiDin ВМ63-1C5-15-УЗЛ3-RR;364144
OptiDin ВМ63-1C6-15-УЗЛ3-RR;364145
OptiDin ВМ63-1C8-15-УЗЛ3-RR;364146
OptiDin ВМ63-1D10-15-УЗЛ3-RR;364147
OptiDin ВМ63-1D1-15-УЗЛ3-RR;364148
OptiDin ВМ63-1D13-15-УЗЛ3-RR;364149
OptiDin ВМ63-1D16-15-УЗЛ3-RR;364150
OptiDin ВМ63-1D20-15-УЗЛ3-RR;364151
OptiDin ВМ63-1D2-15-УЗЛ3-RR;364152
OptiDin ВМ63-1D25-15-УЗЛ3-RR;364153
OptiDin ВМ63-1D3-15-УЗЛ3-RR;364154
OptiDin ВМ63-1D32-15-УЗЛ3-RR;364155
OptiDin ВМ63-1D4-15-УЗЛ3-RR;364156
OptiDin ВМ63-1D5-15-УЗЛ3-RR;364157
OptiDin ВМ63-1D6-15-УЗЛ3-RR;364158
OptiDin ВМ63-1D8-15-УЗЛ3-RR;364159
OptiDin ВМ63-1K10-25-УЗЛ3-RR;364160
OptiDin ВМ63-1K1-25-УЗЛ3-RR;364161
OptiDin ВМ63-1K13-25-УЗЛ3-RR;364162
OptiDin ВМ63-1K16-25-УЗЛ3-RR;364163
OptiDin ВМ63-1K20-20-УЗЛ3-RR;364164
OptiDin ВМ63-1K2-25-УЗЛ3-RR;364165
OptiDin ВМ63-1K25-20-УЗЛ3-RR;364166
OptiDin ВМ63-1K32-15-УЗЛ3-RR;364167
OptiDin ВМ63-1K3-25-УЗЛ3-RR;364168
OptiDin ВМ63-1K4-25-УЗЛ3-RR;364169
OptiDin ВМ63-1K5-25-УЗЛ3-RR;364170
OptiDin ВМ63-1K6-25-УЗЛ3-RR;364171
OptiDin ВМ63-1K8-25-УЗЛ3-RR;364172
OptiDin ВМ63-1L10-25-УЗЛ3-RR;364173
OptiDin ВМ63-1L1-25-УЗЛ3-RR;364174
OptiDin ВМ63-1L13-25-УЗЛ3-RR;364175
OptiDin ВМ63-1L16-25-УЗЛ3-RR;364176
OptiDin ВМ63-1L20-20-УЗЛ3-RR;364177
OptiDin ВМ63-1L2-25-УЗЛ3-RR;364178
OptiDin ВМ63-1L25-20-УЗЛ3-RR;364179
OptiDin ВМ63-1L32-15-УЗЛ3-RR;364180
OptiDin ВМ63-1L3-25-УЗЛ3-RR;364181
OptiDin ВМ63-1L4-25-УЗЛ3-RR;364182
OptiDin ВМ63-1L5-25-УЗЛ3-RR;364183
OptiDin ВМ63-1L6-25-УЗЛ3-RR;364184
OptiDin ВМ63-1L8-25-УЗЛ3-RR;364185
OptiDin ВМ63-1Z10-25-УЗЛ3-RR;364186
OptiDin ВМ63-1Z1-25-УЗЛ3-RR;364187
OptiDin ВМ63-1Z13-25-УЗЛ3-RR;364188
OptiDin ВМ63-1Z16-25-УЗЛ3-RR;364189
OptiDin ВМ63-1Z20-20-УЗЛ3-RR;364190
OptiDin ВМ63-1Z2-25-УЗЛ3-RR;364191
OptiDin ВМ63-1Z25-20-УЗЛ3-RR;364192
OptiDin ВМ63-1Z32-15-УЗЛ3-RR;364193
OptiDin ВМ63-1Z3-25-УЗЛ3-RR;364194
OptiDin ВМ63-1Z4-25-УЗЛ3-RR;364195
OptiDin ВМ63-1Z5-25-УЗЛ3-RR;364196
OptiDin ВМ63-1Z6-25-УЗЛ3-RR;364197
OptiDin ВМ63-1Z8-25-УЗЛ3-RR;364198
OptiDin ВМ63-2B10-15-УЗЛ3-RR;364199
OptiDin ВМ63-2B1-15-УЗЛ3-RR;364200
OptiDin ВМ63-2B13-15-УЗЛ3-RR;364201
OptiDin ВМ63-2B16-15-УЗЛ3-RR;364202
OptiDin ВМ63-2B20-15-УЗЛ3-RR;364203
OptiDin ВМ63-2B2-15-УЗЛ3-RR;364204
OptiDin ВМ63-2B25-15-УЗЛ3-RR;364205
OptiDin ВМ63-2B3-15-УЗЛ3-RR;364206
OptiDin ВМ63-2B32-15-УЗЛ3-RR;364207
OptiDin ВМ63-2B4-15-УЗЛ3-RR;364208
OptiDin ВМ63-2B5-15-УЗЛ3-RR;364209
OptiDin ВМ63-2B6-15-УЗЛ3-RR;364210
OptiDin ВМ63-2B8-15-УЗЛ3-RR;364211
OptiDin ВМ63-2C10-15-УЗЛ3-RR;364212
OptiDin ВМ63-2C1-15-УЗЛ3-RR;364213
OptiDin ВМ63-2C13-15-УЗЛ3-RR;364214
OptiDin ВМ63-2C16-15-УЗЛ3-RR;364215
OptiDin ВМ63-2C20-15-УЗЛ3-RR;364216
OptiDin ВМ63-2C2-15-УЗЛ3-RR;364217
OptiDin ВМ63-2C25-15-УЗЛ3-RR;364218
OptiDin ВМ63-2C3-15-УЗЛ3-RR;364219
OptiDin ВМ63-2C32-15-УЗЛ3-RR;364220
OptiDin ВМ63-2C4-15-УЗЛ3-RR;364221
OptiDin ВМ63-2C5-15-УЗЛ3-RR;364222
OptiDin ВМ63-2C6-15-УЗЛ3-RR;364223
OptiDin ВМ63-2C8-15-УЗЛ3-RR;364224
OptiDin ВМ63-2D10-15-УЗЛ3-RR;364225
OptiDin ВМ63-2D1-15-УЗЛ3-RR;364226
OptiDin ВМ63-2D13-15-УЗЛ3-RR;364227
OptiDin ВМ63-2D16-15-УЗЛ3-RR;364228
OptiDin ВМ63-2D20-15-УЗЛ3-RR;364229
OptiDin ВМ63-2D2-15-УЗЛ3-RR;364230
OptiDin ВМ63-2D25-15-УЗЛ3-RR;364231
OptiDin ВМ63-2D3-15-УЗЛ3-RR;364232
OptiDin ВМ63-2D32-15-УЗЛ3-RR;364233
OptiDin ВМ63-2D4-15-УЗЛ3-RR;364234
OptiDin ВМ63-2D5-15-УЗЛ3-RR;364235
OptiDin ВМ63-2D6-15-УЗЛ3-RR;364236
OptiDin ВМ63-2D8-15-УЗЛ3-RR;364237
OptiDin ВМ63-2K10-25-УЗЛ3-RR;364238
OptiDin ВМ63-2K1-25-УЗЛ3-RR;364239
OptiDin ВМ63-2K13-25-УЗЛ3-RR;364240
OptiDin ВМ63-2K16-25-УЗЛ3-RR;364241
OptiDin ВМ63-2K20-20-УЗЛ3-RR;364242
OptiDin ВМ63-2K2-25-УЗЛ3-RR;364243
OptiDin ВМ63-2K25-20-УЗЛ3-RR;364244
OptiDin ВМ63-2K32-15-УЗЛ3-RR;364245
OptiDin ВМ63-2K3-25-УЗЛ3-RR;364246
OptiDin ВМ63-2K4-25-УЗЛ3-RR;364247
OptiDin ВМ63-2K5-25-УЗЛ3-RR;364248
OptiDin ВМ63-2K6-25-УЗЛ3-RR;364249
OptiDin ВМ63-2K8-25-УЗЛ3-RR;364250
OptiDin ВМ63-2L10-25-УЗЛ3-RR;364251
OptiDin ВМ63-2L1-25-УЗЛ3-RR;364252
OptiDin ВМ63-2L13-25-УЗЛ3-RR;364253
OptiDin ВМ63-2L16-25-УЗЛ3-RR;364254
OptiDin ВМ63-2L20-20-УЗЛ3-RR;364255
OptiDin ВМ63-2L2-25-УЗЛ3-RR;364256
OptiDin ВМ63-2L25-20-УЗЛ3-RR;364257
OptiDin ВМ63-2L32-15-УЗЛ3-RR;364258
OptiDin ВМ63-2L3-25-УЗЛ3-RR;364259
OptiDin ВМ63-2L4-25-УЗЛ3-RR;364260
OptiDin ВМ63-2L5-25-УЗЛ3-RR;364261
OptiDin ВМ63-2L6-25-УЗЛ3-RR;364262
OptiDin ВМ63-2L8-25-УЗЛ3-RR;364263
OptiDin ВМ63-2Z10-25-УЗЛ3-RR;364264
OptiDin ВМ63-2Z1-25-УЗЛ3-RR;364265
OptiDin ВМ63-2Z13-25-УЗЛ3-RR;364266
OptiDin ВМ63-2Z16-25-УЗЛ3-RR;364267
OptiDin ВМ63-2Z20-20-УЗЛ3-RR;364268
OptiDin ВМ63-2Z2-25-УЗЛ3-RR;364269
OptiDin ВМ63-2Z25-20-УЗЛ3-RR;364270
OptiDin ВМ63-2Z32-15-УЗЛ3-RR;364271
OptiDin ВМ63-2Z3-25-УЗЛ3-RR;364272
OptiDin ВМ63-2Z4-25-УЗЛ3-RR;364273
OptiDin ВМ63-2Z5-25-УЗЛ3-RR;364274
OptiDin ВМ63-2Z6-25-УЗЛ3-RR;364275
OptiDin ВМ63-2Z8-25-УЗЛ3-RR;364276
OptiDin ВМ63-3B10-15-УЗЛ3-RR;364277
OptiDin ВМ63-3B1-15-УЗЛ3-RR;364278
OptiDin ВМ63-3B13-15-УЗЛ3-RR;364279
OptiDin ВМ63-3B16-15-УЗЛ3-RR;364280
OptiDin ВМ63-3B20-15-УЗЛ3-RR;364281
OptiDin ВМ63-3B2-15-УЗЛ3-RR;364282
OptiDin ВМ63-3B25-15-УЗЛ3-RR;364283
OptiDin ВМ63-3B3-15-УЗЛ3-RR;364284
OptiDin ВМ63-3B32-15-УЗЛ3-RR;364285
OptiDin ВМ63-3B4-15-УЗЛ3-RR;364286
OptiDin ВМ63-3B5-15-УЗЛ3-RR;364287
OptiDin ВМ63-3B6-15-УЗЛ3-RR;364288
OptiDin ВМ63-3B8-15-УЗЛ3-RR;364289
OptiDin ВМ63-3C10-15-УЗЛ3-RR;364290
OptiDin ВМ63-3C1-15-УЗЛ3-RR;364291
OptiDin ВМ63-3C13-15-УЗЛ3-RR;364292
OptiDin ВМ63-3C16-15-УЗЛ3-RR;364293
OptiDin ВМ63-3C20-15-УЗЛ3-RR;364294
OptiDin ВМ63-3C2-15-УЗЛ3-RR;364295
OptiDin ВМ63-3C25-15-УЗЛ3-RR;364296
OptiDin ВМ63-3C3-15-УЗЛ3-RR;364297
OptiDin ВМ63-3C32-15-УЗЛ3-RR;364298
OptiDin ВМ63-3C4-15-УЗЛ3-RR;364299
OptiDin ВМ63-3C5-15-УЗЛ3-RR;364300
OptiDin ВМ63-3C6-15-УЗЛ3-RR;364301
OptiDin ВМ63-3C8-15-УЗЛ3-RR;364302
OptiDin ВМ63-3D10-15-УЗЛ3-RR;364303
OptiDin ВМ63-3D1-15-УЗЛ3-RR;364304
OptiDin ВМ63-3D13-15-УЗЛ3-RR;364305
OptiDin ВМ63-3D16-15-УЗЛ3-RR;364306
OptiDin ВМ63-3D20-15-УЗЛ3-RR;364307
OptiDin ВМ63-3D2-15-УЗЛ3-RR;364308
OptiDin ВМ63-3D25-15-УЗЛ3-RR;364309
OptiDin ВМ63-3D3-15-УЗЛ3-RR;364310
OptiDin ВМ63-3D32-15-УЗЛ3-RR;364311
OptiDin ВМ63-3D4-15-УЗЛ3-RR;364312
OptiDin ВМ63-3D5-15-УЗЛ3-RR;364313
OptiDin ВМ63-3D6-15-УЗЛ3-RR;364314
OptiDin ВМ63-3D8-15-УЗЛ3-RR;364315
OptiDin ВМ63-3K10-25-УЗЛ3-RR;364316
OptiDin ВМ63-3K1-25-УЗЛ3-RR;364317
OptiDin ВМ63-3K13-25-УЗЛ3-RR;364318
OptiDin ВМ63-3K16-25-УЗЛ3-RR;364319
OptiDin ВМ63-3K20-20-УЗЛ3-RR;364320
OptiDin ВМ63-3K2-25-УЗЛ3-RR;364321
OptiDin ВМ63-3K25-20-УЗЛ3-RR;364322
OptiDin ВМ63-3K32-15-УЗЛ3-RR;364323
OptiDin ВМ63-3K3-25-УЗЛ3-RR;364324
OptiDin ВМ63-3K4-25-УЗЛ3-RR;364325
OptiDin ВМ63-3K5-25-УЗЛ3-RR;364326
OptiDin ВМ63-3K6-25-УЗЛ3-RR;364327
OptiDin ВМ63-3K8-25-УЗЛ3-RR;364328
OptiDin ВМ63-3L10-25-УЗЛ3-RR;364329
OptiDin ВМ63-3L1-25-УЗЛ3-RR;364330
OptiDin ВМ63-3L13-25-УЗЛ3-RR;364331
OptiDin ВМ63-3L16-25-УЗЛ3-RR;364332
OptiDin ВМ63-3L20-20-УЗЛ3-RR;364333
OptiDin ВМ63-3L2-25-УЗЛ3-RR;364334
OptiDin ВМ63-3L25-20-УЗЛ3-RR;364335
OptiDin ВМ63-3L32-15-УЗЛ3-RR;364336
OptiDin ВМ63-3L3-25-УЗЛ3-RR;364337
OptiDin ВМ63-3L4-25-УЗЛ3-RR;364338
OptiDin ВМ63-3L5-25-УЗЛ3-RR;364339
OptiDin ВМ63-3L6-25-УЗЛ3-RR;364340
OptiDin ВМ63-3L8-25-УЗЛ3-RR;364341
OptiDin ВМ63-3Z10-25-УЗЛ3-RR;364342
OptiDin ВМ63-3Z1-25-УЗЛ3-RR;364343
OptiDin ВМ63-3Z13-25-УЗЛ3-RR;364344
OptiDin ВМ63-3Z16-25-УЗЛ3-RR;364345
OptiDin ВМ63-3Z20-20-УЗЛ3-RR;364346
OptiDin ВМ63-3Z2-25-УЗЛ3-RR;364347
OptiDin ВМ63-3Z25-20-УЗЛ3-RR;364348
OptiDin ВМ63-3Z32-15-УЗЛ3-RR;364349
OptiDin ВМ63-3Z3-25-УЗЛ3-RR;364350
OptiDin ВМ63-3Z4-25-УЗЛ3-RR;364351
OptiDin ВМ63-3Z5-25-УЗЛ3-RR;364352
OptiDin ВМ63-3Z6-25-УЗЛ3-RR;364353
OptiDin ВМ63-3Z8-25-УЗЛ3-RR;364354
OptiDin ВМ63-4B10-15-УЗЛ3-RR;364355
OptiDin ВМ63-4B1-15-УЗЛ3-RR;364356
OptiDin ВМ63-4B13-15-УЗЛ3-RR;364357
OptiDin ВМ63-4B16-15-УЗЛ3-RR;364358
OptiDin ВМ63-4B20-15-УЗЛ3-RR;364359
OptiDin ВМ63-4B2-15-УЗЛ3-RR;364360
OptiDin ВМ63-4B25-15-УЗЛ3-RR;364361
OptiDin ВМ63-4B3-15-УЗЛ3-RR;364362
OptiDin ВМ63-4B32-15-УЗЛ3-RR;364363
OptiDin ВМ63-4B4-15-УЗЛ3-RR;364364
OptiDin ВМ63-4B5-15-УЗЛ3-RR;364365
OptiDin ВМ63-4B6-15-УЗЛ3-RR;364366
OptiDin ВМ63-4B8-15-УЗЛ3-RR;364367
OptiDin ВМ63-4C10-15-УЗЛ3-RR;364368
OptiDin ВМ63-4C1-15-УЗЛ3-RR;364369
OptiDin ВМ63-4C13-15-УЗЛ3-RR;364370
OptiDin ВМ63-4C16-15-УЗЛ3-RR;364371
OptiDin ВМ63-4C20-15-УЗЛ3-RR;364372
OptiDin ВМ63-4C2-15-УЗЛ3-RR;364373
OptiDin ВМ63-4C25-15-УЗЛ3-RR;364374
OptiDin ВМ63-4C3-15-УЗЛ3-RR;364375
OptiDin ВМ63-4C32-15-УЗЛ3-RR;364376
OptiDin ВМ63-4C4-15-УЗЛ3-RR;364377
OptiDin ВМ63-4C5-15-УЗЛ3-RR;364378
OptiDin ВМ63-4C6-15-УЗЛ3-RR;364379
OptiDin ВМ63-4C8-15-УЗЛ3-RR;364380
OptiDin ВМ63-4D10-15-УЗЛ3-RR;364381
OptiDin ВМ63-4D1-15-УЗЛ3-RR;364382
OptiDin ВМ63-4D13-15-УЗЛ3-RR;364383
OptiDin ВМ63-4D16-15-УЗЛ3-RR;364384
OptiDin ВМ63-4D20-15-УЗЛ3-RR;364385
OptiDin ВМ63-4D2-15-УЗЛ3-RR;364386
OptiDin ВМ63-4D25-15-УЗЛ3-RR;364387
OptiDin ВМ63-4D3-15-УЗЛ3-RR;364388
OptiDin ВМ63-4D32-15-УЗЛ3-RR;364389
OptiDin ВМ63-4D4-15-УЗЛ3-RR;364390
OptiDin ВМ63-4D5-15-УЗЛ3-RR;364391
OptiDin ВМ63-4D6-15-УЗЛ3-RR;364392
OptiDin ВМ63-4D8-15-УЗЛ3-RR;364393
OptiDin ВМ63-4K10-25-УЗЛ3-RR;364394
OptiDin ВМ63-4K1-25-УЗЛ3-RR;364395
OptiDin ВМ63-4K13-25-УЗЛ3-RR;364396
OptiDin ВМ63-4K16-25-УЗЛ3-RR;364397
OptiDin ВМ63-4K20-20-УЗЛ3-RR;364398
OptiDin ВМ63-4K2-25-УЗЛ3-RR;364399
OptiDin ВМ63-4K25-20-УЗЛ3-RR;364400
OptiDin ВМ63-4K32-15-УЗЛ3-RR;364401
OptiDin ВМ63-4K3-25-УЗЛ3-RR;364402
OptiDin ВМ63-4K4-25-УЗЛ3-RR;364403
OptiDin ВМ63-4K5-25-УЗЛ3-RR;364404
OptiDin ВМ63-4K6-25-УЗЛ3-RR;364405
OptiDin ВМ63-4K8-25-УЗЛ3-RR;364406
OptiDin ВМ63-4L10-25-УЗЛ3-RR;364407
OptiDin ВМ63-4L1-25-УЗЛ3-RR;364408
OptiDin ВМ63-4L13-25-УЗЛ3-RR;364409
OptiDin ВМ63-4L16-25-УЗЛ3-RR;364410
OptiDin ВМ63-4L20-20-УЗЛ3-RR;364411
OptiDin ВМ63-4L2-25-УЗЛ3-RR;364412
OptiDin ВМ63-4L25-20-УЗЛ3-RR;364413
OptiDin ВМ63-4L32-15-УЗЛ3-RR;364414
OptiDin ВМ63-4L3-25-УЗЛ3-RR;364415
OptiDin ВМ63-4L4-25-УЗЛ3-RR;364416
OptiDin ВМ63-4L5-25-УЗЛ3-RR;364417
OptiDin ВМ63-4L6-25-УЗЛ3-RR;364418
OptiDin ВМ63-4L8-25-УЗЛ3-RR;364419
OptiDin ВМ63-4Z10-25-УЗЛ3-RR;364420
OptiDin ВМ63-4Z1-25-УЗЛ3-RR;364421
OptiDin ВМ63-4Z13-25-УЗЛ3-RR;364422
OptiDin ВМ63-4Z16-25-УЗЛ3-RR;364423
OptiDin ВМ63-4Z20-20-УЗЛ3-RR;364424
OptiDin ВМ63-4Z2-25-УЗЛ3-RR;364425
OptiDin ВМ63-4Z25-20-УЗЛ3-RR;364426
OptiDin ВМ63-4Z32-15-УЗЛ3-RR;364427
OptiDin ВМ63-4Z3-25-УЗЛ3-RR;364428
OptiDin ВМ63-4Z4-25-УЗЛ3-RR;364429
OptiDin ВМ63-4Z5-25-УЗЛ3-RR;364430
OptiDin ВМ63-4Z6-25-УЗЛ3-RR;364431
OptiDin ВМ63-4Z8-25-УЗЛ3-RR;364432
OptiDin BM63-M-1D10-10-УЗЛ3-RR;364433
OptiDin BM63-M-1D1-10-УЗЛ3-RR;364434
OptiDin BM63-M-1D13-10-УЗЛ3-RR;364435
OptiDin BM63-M-1D16-10-УЗЛ3-RR;364436
OptiDin BM63-M-1D20-10-УЗЛ3-RR;364437
OptiDin BM63-M-1D2-10-УЗЛ3-RR;364438
OptiDin BM63-M-1D25-10-УЗЛ3-RR;364439
OptiDin BM63-M-1D3-10-УЗЛ3-RR;364440
OptiDin BM63-M-1D32-10-УЗЛ3-RR;364441
OptiDin BM63-M-1D40-10-УЗЛ3-RR;364442
OptiDin BM63-M-1D4-10-УЗЛ3-RR;364443
OptiDin BM63-M-1D50-10-УЗЛ3-RR;364444
OptiDin BM63-M-1D5-10-УЗЛ3-RR;364445
OptiDin BM63-M-1D6-10-УЗЛ3-RR;364446
OptiDin BM63-M-1D63-10-УЗЛ3-RR;364447
OptiDin BM63-M-1D8-10-УЗЛ3-RR;364448
OptiDin BM63-M-2D10-10-УЗЛ3-RR;364449
OptiDin BM63-M-2D1-10-УЗЛ3-RR;364450
OptiDin BM63-M-2D13-10-УЗЛ3-RR;364451
OptiDin BM63-M-2D16-10-УЗЛ3-RR;364452
OptiDin BM63-M-2D20-10-УЗЛ3-RR;364453
OptiDin BM63-M-2D2-10-УЗЛ3-RR;364454
OptiDin BM63-M-2D25-10-УЗЛ3-RR;364455
OptiDin BM63-M-2D3-10-УЗЛ3-RR;364456
OptiDin BM63-M-2D32-10-УЗЛ3-RR;364457
OptiDin BM63-M-2D40-10-УЗЛ3-RR;364458
OptiDin BM63-M-2D4-10-УЗЛ3-RR;364459
OptiDin BM63-M-2D50-10-УЗЛ3-RR;364460
OptiDin BM63-M-2D5-10-УЗЛ3-RR;364461
OptiDin BM63-M-2D6-10-УЗЛ3-RR;364462
OptiDin BM63-M-2D63-10-УЗЛ3-RR;364463
OptiDin BM63-M-2D8-10-УЗЛ3-RR;364464
OptiDin BM63-M-3D10-10-УЗЛ3-RR;364465
OptiDin BM63-M-3D1-10-УЗЛ3-RR;364466
OptiDin BM63-M-3D13-10-УЗЛ3-RR;364467
OptiDin BM63-M-3D16-10-УЗЛ3-RR;364468
OptiDin BM63-M-3D20-10-УЗЛ3-RR;364469
OptiDin BM63-M-3D2-10-УЗЛ3-RR;364470
OptiDin BM63-M-3D25-10-УЗЛ3-RR;364471
OptiDin BM63-M-3D3-10-УЗЛ3-RR;364472
OptiDin BM63-M-3D32-10-УЗЛ3-RR;364473
OptiDin BM63-M-3D40-10-УЗЛ3-RR;364474
OptiDin BM63-M-3D4-10-УЗЛ3-RR;364475
OptiDin BM63-M-3D50-10-УЗЛ3-RR;364476
OptiDin BM63-M-3D5-10-УЗЛ3-RR;364477
OptiDin BM63-M-3D6-10-УЗЛ3-RR;364478
OptiDin BM63-M-3D63-10-УЗЛ3-RR;364479
OptiDin BM63-M-3D8-10-УЗЛ3-RR;364480
OptiDin BM63-M-4D10-10-УЗЛ3-RR;364481
OptiDin BM63-M-4D1-10-УЗЛ3-RR;364482
OptiDin BM63-M-4D13-10-УЗЛ3-RR;364483
OptiDin BM63-M-4D16-10-УЗЛ3-RR;364484
OptiDin BM63-M-4D20-10-УЗЛ3-RR;364485
OptiDin BM63-M-4D2-10-УЗЛ3-RR;364486
OptiDin BM63-M-4D25-10-УЗЛ3-RR;364487
OptiDin BM63-M-4D3-10-УЗЛ3-RR;364488
OptiDin BM63-M-4D32-10-УЗЛ3-RR;364489
OptiDin BM63-M-4D40-10-УЗЛ3-RR;364490
OptiDin BM63-M-4D4-10-УЗЛ3-RR;364491
OptiDin BM63-M-4D50-10-УЗЛ3-RR;364492
OptiDin BM63-M-4D5-10-УЗЛ3-RR;364493
OptiDin BM63-M-4D6-10-УЗЛ3-RR;364494
OptiDin BM63-M-4D63-10-УЗЛ3-RR;364495
OptiDin BM63-M-4D8-10-УЗЛ3-RR;364496
OptiDin BM63-1B10-DC-УХЛ3-RR;303222
OptiDin BM63-1B13-DC-УХЛ3-RR;303223
OptiDin BM63-1B16-DC-УХЛ3-RR;303224
OptiDin BM63-1B1-DC-УХЛ3-RR;303221
OptiDin BM63-1B20-DC-УХЛ3-RR;303226
OptiDin BM63-1B25-DC-УХЛ3-RR;303227
OptiDin BM63-1B2-DC-УХЛ3-RR;303225
OptiDin BM63-1B32-DC-УХЛ3-RR;303229
OptiDin BM63-1B3-DC-УХЛ3-RR;303228
OptiDin BM63-1B40-DC-УХЛ3-RR;303231
OptiDin BM63-1B4-DC-УХЛ3-RR;303230
OptiDin BM63-1B50-DC-УХЛ3-RR;303233
OptiDin BM63-1B5-DC-УХЛ3-RR;303232
OptiDin BM63-1B6-DC-УХЛ3-RR;303234
OptiDin BM63-1B8-DC-УХЛ3-RR;303235
OptiDin BM63-1C10-DC-УХЛ3-RR;303237
OptiDin BM63-1C13-DC-УХЛ3-RR;303238
OptiDin BM63-1C16-DC-УХЛ3-RR;303239
OptiDin BM63-1C1-DC-УХЛ3-RR;303236
OptiDin BM63-1C20-DC-УХЛ3-RR;303241
OptiDin BM63-1C25-DC-УХЛ3-RR;303242
OptiDin BM63-1C2-DC-УХЛ3-RR;303240
OptiDin BM63-1C32-DC-УХЛ3-RR;303244
OptiDin BM63-1C3-DC-УХЛ3-RR;303243
OptiDin BM63-1C40-DC-УХЛ3-RR;303246
OptiDin BM63-1C4-DC-УХЛ3-RR;303245
OptiDin BM63-1C50-DC-УХЛ3-RR;303248
OptiDin BM63-1C5-DC-УХЛ3-RR;303247
OptiDin BM63-1C6-DC-УХЛ3-RR;303249
OptiDin BM63-1C8-DC-УХЛ3-RR;303250
OptiDin BM63-1K10-DC-УХЛ3-RR;303252
OptiDin BM63-1K13-DC-УХЛ3-RR;303253
OptiDin BM63-1K16-DC-УХЛ3-RR;303254
OptiDin BM63-1K1-DC-УХЛ3-RR;303251
OptiDin BM63-1K20-DC-УХЛ3-RR;303256
OptiDin BM63-1K25-DC-УХЛ3-RR;303257
OptiDin BM63-1K2-DC-УХЛ3-RR;303255
OptiDin BM63-1K32-DC-УХЛ3-RR;303259
OptiDin BM63-1K3-DC-УХЛ3-RR;303258
OptiDin BM63-1K40-DC-УХЛ3-RR;303261
OptiDin BM63-1K4-DC-УХЛ3-RR;303260
OptiDin BM63-1K50-DC-УХЛ3-RR;303263
OptiDin BM63-1K5-DC-УХЛ3-RR;303262
OptiDin BM63-1K6-DC-УХЛ3-RR;303264
OptiDin BM63-1K8-DC-УХЛ3-RR;303265
OptiDin BM63-1L10-DC-УХЛ3-RR;303267
OptiDin BM63-1L13-DC-УХЛ3-RR;303268
OptiDin BM63-1L16-DC-УХЛ3-RR;303269
OptiDin BM63-1L1-DC-УХЛ3-RR;303266
OptiDin BM63-1L20-DC-УХЛ3-RR;303271
OptiDin BM63-1L25-DC-УХЛ3-RR;303272
OptiDin BM63-1L2-DC-УХЛ3-RR;303270
OptiDin BM63-1L32-DC-УХЛ3-RR;303274
OptiDin BM63-1L3-DC-УХЛ3-RR;303273
OptiDin BM63-1L40-DC-УХЛ3-RR;303276
OptiDin BM63-1L4-DC-УХЛ3-RR;303275
OptiDin BM63-1L50-DC-УХЛ3-RR;303278
OptiDin BM63-1L5-DC-УХЛ3-RR;303277
OptiDin BM63-1L6-DC-УХЛ3-RR;303279
OptiDin BM63-1L8-DC-УХЛ3-RR;303280
OptiDin BM63-1Z10-DC-УХЛ3-RR;303282
OptiDin BM63-1Z13-DC-УХЛ3-RR;303283
OptiDin BM63-1Z16-DC-УХЛ3-RR;303284
OptiDin BM63-1Z1-DC-УХЛ3-RR;303281
OptiDin BM63-1Z20-DC-УХЛ3-RR;303286
OptiDin BM63-1Z25-DC-УХЛ3-RR;303287
OptiDin BM63-1Z2-DC-УХЛ3-RR;303285
OptiDin BM63-1Z32-DC-УХЛ3-RR;303289
OptiDin BM63-1Z3-DC-УХЛ3-RR;303288
OptiDin BM63-1Z40-DC-УХЛ3-RR;303291
OptiDin BM63-1Z4-DC-УХЛ3-RR;303290
OptiDin BM63-1Z50-DC-УХЛ3-RR;303293
OptiDin BM63-1Z5-DC-УХЛ3-RR;303292
OptiDin BM63-1Z6-DC-УХЛ3-RR;303294
OptiDin BM63-1Z8-DC-УХЛ3-RR;303295
OptiDin BM63-2B10-DC-УХЛ3-RR;303298
OptiDin BM63-2B13-DC-УХЛ3-RR;303299
OptiDin BM63-2B16-DC-УХЛ3-RR;303300
OptiDin BM63-2B1-DC-УХЛ3-RR;303296
OptiDin BM63-2B20-DC-УХЛ3-RR;303302
OptiDin BM63-2B25-DC-УХЛ3-RR;303303
OptiDin BM63-2B2-DC-УХЛ3-RR;303301
OptiDin BM63-2B32-DC-УХЛ3-RR;303305
OptiDin BM63-2B3-DC-УХЛ3-RR;303304
OptiDin BM63-2B40-DC-УХЛ3-RR;303307
OptiDin BM63-2B4-DC-УХЛ3-RR;303306
OptiDin BM63-2B50-DC-УХЛ3-RR;303309
OptiDin BM63-2B5-DC-УХЛ3-RR;303308
OptiDin BM63-2B6-DC-УХЛ3-RR;303310
OptiDin BM63-2B8-DC-УХЛ3-RR;303311
OptiDin BM63-2C10-DC-УХЛ3-RR;303313
OptiDin BM63-2C13-DC-УХЛ3-RR;303314
OptiDin BM63-2C16-DC-УХЛ3-RR;303315
OptiDin BM63-2C1-DC-УХЛ3-RR;303312
OptiDin BM63-2C20-DC-УХЛ3-RR;303317
OptiDin BM63-2C25-DC-УХЛ3-RR;303318
OptiDin BM63-2C2-DC-УХЛ3-RR;303316
OptiDin BM63-2C32-DC-УХЛ3-RR;303320
OptiDin BM63-2C3-DC-УХЛ3-RR;303319
OptiDin BM63-2C40-DC-УХЛ3-RR;303322
OptiDin BM63-2C4-DC-УХЛ3-RR;303321
OptiDin BM63-2C50-DC-УХЛ3-RR;303324
OptiDin BM63-2C5-DC-УХЛ3-RR;303323
OptiDin BM63-2C6-DC-УХЛ3-RR;303325
OptiDin BM63-2C8-DC-УХЛ3-RR;303326
OptiDin BM63-2K10-DC-УХЛ3-RR;303328
OptiDin BM63-2K13-DC-УХЛ3-RR;303329
OptiDin BM63-2K16-DC-УХЛ3-RR;303330
OptiDin BM63-2K1-DC-УХЛ3-RR;303327
OptiDin BM63-2K20-DC-УХЛ3-RR;303332
OptiDin BM63-2K25-DC-УХЛ3-RR;303333
OptiDin BM63-2K2-DC-УХЛ3-RR;303331
OptiDin BM63-2K32-DC-УХЛ3-RR;303335
OptiDin BM63-2K3-DC-УХЛ3-RR;303334
OptiDin BM63-2K40-DC-УХЛ3-RR;303337
OptiDin BM63-2K4-DC-УХЛ3-RR;303336
OptiDin BM63-2K50-DC-УХЛ3-RR;303339
OptiDin BM63-2K5-DC-УХЛ3-RR;303338
OptiDin BM63-2K6-DC-УХЛ3-RR;303340
OptiDin BM63-2K8-DC-УХЛ3-RR;303341
OptiDin BM63-2L10-DC-УХЛ3-RR;303343
OptiDin BM63-2L13-DC-УХЛ3-RR;303344
OptiDin BM63-2L16-DC-УХЛ3-RR;303345
OptiDin BM63-2L1-DC-УХЛ3-RR;303342
OptiDin BM63-2L20-DC-УХЛ3-RR;303347
OptiDin BM63-2L25-DC-УХЛ3-RR;303348
OptiDin BM63-2L2-DC-УХЛ3-RR;303346
OptiDin BM63-2L32-DC-УХЛ3-RR;303350
OptiDin BM63-2L3-DC-УХЛ3-RR;303349
OptiDin BM63-2L40-DC-УХЛ3-RR;303352
OptiDin BM63-2L4-DC-УХЛ3-RR;303351
OptiDin BM63-2L50-DC-УХЛ3-RR;303354
OptiDin BM63-2L5-DC-УХЛ3-RR;303353
OptiDin BM63-2L6-DC-УХЛ3-RR;303355
OptiDin BM63-2L8-DC-УХЛ3-RR;303356
OptiDin BM63-2Z10-DC-УХЛ3-RR;303358
OptiDin BM63-2Z13-DC-УХЛ3-RR;303359
OptiDin BM63-2Z16-DC-УХЛ3-RR;303360
OptiDin BM63-2Z1-DC-УХЛ3-RR;303357
OptiDin BM63-2Z20-DC-УХЛ3-RR;303362
OptiDin BM63-2Z25-DC-УХЛ3-RR;303363
OptiDin BM63-2Z2-DC-УХЛ3-RR;303361
OptiDin BM63-2Z32-DC-УХЛ3-RR;303365
OptiDin BM63-2Z3-DC-УХЛ3-RR;303364
OptiDin BM63-2Z40-DC-УХЛ3-RR;303367
OptiDin BM63-2Z4-DC-УХЛ3-RR;303366
OptiDin BM63-2Z50-DC-УХЛ3-RR;303369
OptiDin BM63-2Z5-DC-УХЛ3-RR;303368
OptiDin BM63-2Z6-DC-УХЛ3-RR;303370
OptiDin BM63-2Z8-DC-УХЛ3-RR;303371
OptiDin BM63-1B10-УХЛ3-RR (6кА);302648
OptiDin BM63-1B13-УХЛ3-RR (6кА);302649
OptiDin BM63-1B16-УХЛ3-RR (6кА);302650
OptiDin BM63-1B1-УХЛ3-RR (6кА);302647
OptiDin BM63-1B20-УХЛ3-RR (6кА);302652
OptiDin BM63-1B25-УХЛ3-RR (6кА);302653
OptiDin BM63-1B2-УХЛ3-RR (6кА);302651
OptiDin BM63-1B32-УХЛ3-RR (6кА);302655
OptiDin BM63-1B3-УХЛ3-RR (6кА);302654
OptiDin BM63-1B40-УХЛ3-RR (6кА);302657
OptiDin BM63-1B4-УХЛ3-RR (6кА);302656
OptiDin BM63-1B50-УХЛ3-RR (6кА);302659
OptiDin BM63-1B5-УХЛ3-RR (6кА);302658
OptiDin BM63-1B63-УХЛ3-RR (6кА);302661
OptiDin BM63-1B6-УХЛ3-RR (6кА);302660
OptiDin BM63-1B8-УХЛ3-RR (6кА);302662
OptiDin BM63-1C10-УХЛ3-RR (6кА);302664
OptiDin BM63-1C13-УХЛ3-RR (6кА);302665
OptiDin BM63-1C16-УХЛ3-RR (6кА);302666
OptiDin BM63-1C1-УХЛ3-RR (6кА);302663
OptiDin BM63-1C20-УХЛ3-RR (6кА);302668
OptiDin BM63-1C25-УХЛ3-RR (6кА);302669
OptiDin BM63-1C2-УХЛ3-RR (6кА);302667
OptiDin BM63-1C32-УХЛ3-RR (6кА);302671
OptiDin BM63-1C3-УХЛ3-RR (6кА);302670
OptiDin BM63-1C40-УХЛ3-RR (6кА);302673
OptiDin BM63-1C4-УХЛ3-RR (6кА);302672
OptiDin BM63-1C50-УХЛ3-RR (6кА);302675
OptiDin BM63-1C5-УХЛ3-RR (6кА);302674
OptiDin BM63-1C63-УХЛ3-RR (6кА);302677
OptiDin BM63-1C6-УХЛ3-RR (6кА);302676
OptiDin BM63-1C8-УХЛ3-RR (6кА);302678
OptiDin BM63-1D10-УХЛ3-RR (6кА);302680
OptiDin BM63-1D13-УХЛ3-RR (6кА);302681
OptiDin BM63-1D16-УХЛ3-RR (6кА);302682
OptiDin BM63-1D1-УХЛ3-RR (6кА);302679
OptiDin BM63-1D20-УХЛ3-RR (6кА);302684
OptiDin BM63-1D25-УХЛ3-RR (6кА);302685
OptiDin BM63-1D2-УХЛ3-RR (6кА);302683
OptiDin BM63-1D32-УХЛ3-RR (6кА);302687
OptiDin BM63-1D3-УХЛ3-RR (6кА);302686
OptiDin BM63-1D40-УХЛ3-RR (6кА);302689
OptiDin BM63-1D4-УХЛ3-RR (6кА);302688
OptiDin BM63-1D50-УХЛ3-RR (6кА);302691
OptiDin BM63-1D5-УХЛ3-RR (6кА);302690
OptiDin BM63-1D63-УХЛ3-RR (6кА);302693
OptiDin BM63-1D6-УХЛ3-RR (6кА);302692
OptiDin BM63-1D8-УХЛ3-RR (6кА);302694
OptiDin BM63-1K10-УХЛ3-RR (6кА);302696
OptiDin BM63-1K13-УХЛ3-RR (6кА);302697
OptiDin BM63-1K16-УХЛ3-RR (6кА);302698
OptiDin BM63-1K1-УХЛ3-RR (6кА);302695
OptiDin BM63-1K20-УХЛ3-RR (6кА);302700
OptiDin BM63-1K25-УХЛ3-RR (6кА);302701
OptiDin BM63-1K2-УХЛ3-RR (6кА);302699
OptiDin BM63-1K32-УХЛ3-RR (6кА);302703
OptiDin BM63-1K3-УХЛ3-RR (6кА);302702
OptiDin BM63-1K40-УХЛ3-RR (6кА);302705
OptiDin BM63-1K4-УХЛ3-RR (6кА);302704
OptiDin BM63-1K50-УХЛ3-RR (6кА);302707
OptiDin BM63-1K5-УХЛ3-RR (6кА);302706
OptiDin BM63-1K63-УХЛ3-RR (6кА);302709
OptiDin BM63-1K6-УХЛ3-RR (6кА);302708
OptiDin BM63-1K8-УХЛ3-RR (6кА);302710
OptiDin BM63-1L10-УХЛ3-RR (6кА);302712
OptiDin BM63-1L13-УХЛ3-RR (6кА);302713
OptiDin BM63-1L16-УХЛ3-RR (6кА);297944
OptiDin BM63-1L1-УХЛ3-RR (6кА);302711
OptiDin BM63-1L20-УХЛ3-RR (6кА);302715
OptiDin BM63-1L25-УХЛ3-RR (6кА);302716
OptiDin BM63-1L2-УХЛ3-RR (6кА);302714
OptiDin BM63-1L32-УХЛ3-RR (6кА);302718
OptiDin BM63-1L3-УХЛ3-RR (6кА);302717
OptiDin BM63-1L40-УХЛ3-RR (6кА);302720
OptiDin BM63-1L4-УХЛ3-RR (6кА);302719
OptiDin BM63-1L50-УХЛ3-RR (6кА);302722
OptiDin BM63-1L5-УХЛ3-RR (6кА);302721
OptiDin BM63-1L63-УХЛ3-RR (6кА);302724
OptiDin BM63-1L6-УХЛ3-RR (6кА);302723
OptiDin BM63-1L8-УХЛ3-RR (6кА);302725
OptiDin BM63-1Z10-УХЛ3-RR (6кА);302727
OptiDin BM63-1Z13-УХЛ3-RR (6кА);302728
OptiDin BM63-1Z16-УХЛ3-RR (6кА);302729
OptiDin BM63-1Z1-УХЛ3-RR (6кА);302726
OptiDin BM63-1Z20-УХЛ3-RR (6кА);302731
OptiDin BM63-1Z25-УХЛ3-RR (6кА);302732
OptiDin BM63-1Z2-УХЛ3-RR (6кА);302730
OptiDin BM63-1Z32-УХЛ3-RR (6кА);302734
OptiDin BM63-1Z3-УХЛ3-RR (6кА);302733
OptiDin BM63-1Z40-УХЛ3-RR (6кА);302736
OptiDin BM63-1Z4-УХЛ3-RR (6кА);302735
OptiDin BM63-1Z50-УХЛ3-RR (6кА);302738
OptiDin BM63-1Z5-УХЛ3-RR (6кА);302737
OptiDin BM63-1Z63-УХЛ3-RR (6кА);302740
OptiDin BM63-1Z6-УХЛ3-RR (6кА);302739
OptiDin BM63-1Z8-УХЛ3-RR (6кА);302741
OptiDin BM63-2B10-УХЛ3-RR (6кА);302743
OptiDin BM63-2B13-УХЛ3-RR (6кА);302744
OptiDin BM63-2B16-УХЛ3-RR (6кА);302745
OptiDin BM63-2B1-УХЛ3-RR (6кА);302742
OptiDin BM63-2B20-УХЛ3-RR (6кА);302747
OptiDin BM63-2B25-УХЛ3-RR (6кА);302748
OptiDin BM63-2B2-УХЛ3-RR (6кА);302746
OptiDin BM63-2B32-УХЛ3-RR (6кА);302750
OptiDin BM63-2B3-УХЛ3-RR (6кА);302749
OptiDin BM63-2B40-УХЛ3-RR (6кА);302752
OptiDin BM63-2B4-УХЛ3-RR (6кА);302751
OptiDin BM63-2B50-УХЛ3-RR (6кА);302754
OptiDin BM63-2B5-УХЛ3-RR (6кА);302753
OptiDin BM63-2B63-УХЛ3-RR (6кА);302756
OptiDin BM63-2B6-УХЛ3-RR (6кА);302755
OptiDin BM63-2B8-УХЛ3-RR (6кА);302757
OptiDin BM63-2C10-УХЛ3-RR (6кА);302759
OptiDin BM63-2C13-УХЛ3-RR (6кА);302760
OptiDin BM63-2C16-УХЛ3-RR (6кА);302761
OptiDin BM63-2C1-УХЛ3-RR (6кА);302758
OptiDin BM63-2C20-УХЛ3-RR (6кА);302763
OptiDin BM63-2C25-УХЛ3-RR (6кА);302764
OptiDin BM63-2C2-УХЛ3-RR (6кА);302762
OptiDin BM63-2C32-УХЛ3-RR (6кА);302766
OptiDin BM63-2C3-УХЛ3-RR (6кА);302765
OptiDin BM63-2C40-УХЛ3-RR (6кА);302768
OptiDin BM63-2C4-УХЛ3-RR (6кА);302767
OptiDin BM63-2C50-УХЛ3-RR (6кА);302770
OptiDin BM63-2C5-УХЛ3-RR (6кА);302769
OptiDin BM63-2C63-УХЛ3-RR (6кА);302772
OptiDin BM63-2C6-УХЛ3-RR (6кА);302771
OptiDin BM63-2C8-УХЛ3-RR (6кА);302773
OptiDin BM63-2D10-УХЛ3-RR (6кА);302775
OptiDin BM63-2D13-УХЛ3-RR (6кА);302776
OptiDin BM63-2D16-УХЛ3-RR (6кА);302777
OptiDin BM63-2D1-УХЛ3-RR (6кА);302774
OptiDin BM63-2D20-УХЛ3-RR (6кА);302779
OptiDin BM63-2D25-УХЛ3-RR (6кА);302780
OptiDin BM63-2D2-УХЛ3-RR (6кА);302778
OptiDin BM63-2D32-УХЛ3-RR (6кА);302782
OptiDin BM63-2D3-УХЛ3-RR (6кА);302781
OptiDin BM63-2D40-УХЛ3-RR (6кА);302784
OptiDin BM63-2D4-УХЛ3-RR (6кА);302783
OptiDin BM63-2D50-УХЛ3-RR (6кА);302786
OptiDin BM63-2D5-УХЛ3-RR (6кА);302785
OptiDin BM63-2D63-УХЛ3-RR (6кА);302788
OptiDin BM63-2D6-УХЛ3-RR (6кА);302787
OptiDin BM63-2D8-УХЛ3-RR (6кА);302789
OptiDin BM63-2K10-УХЛ3-RR (6кА);302791
OptiDin BM63-2K13-УХЛ3-RR (6кА);302792
OptiDin BM63-2K16-УХЛ3-RR (6кА);302793
OptiDin BM63-2K1-УХЛ3-RR (6кА);302790
OptiDin BM63-2K20-УХЛ3-RR (6кА);302795
OptiDin BM63-2K25-УХЛ3-RR (6кА);302796
OptiDin BM63-2K2-УХЛ3-RR (6кА);302794
OptiDin BM63-2K32-УХЛ3-RR (6кА);302798
OptiDin BM63-2K3-УХЛ3-RR (6кА);302797
OptiDin BM63-2K40-УХЛ3-RR (6кА);302800
OptiDin BM63-2K4-УХЛ3-RR (6кА);302799
OptiDin BM63-2K50-УХЛ3-RR (6кА);302802
OptiDin BM63-2K5-УХЛ3-RR (6кА);302801
OptiDin BM63-2K63-УХЛ3-RR (6кА);302804
OptiDin BM63-2K6-УХЛ3-RR (6кА);302803
OptiDin BM63-2K8-УХЛ3-RR (6кА);302805
OptiDin BM63-2L10-УХЛ3-RR (6кА);302807
OptiDin BM63-2L13-УХЛ3-RR (6кА);302808
OptiDin BM63-2L16-УХЛ3-RR (6кА);302809
OptiDin BM63-2L1-УХЛ3-RR (6кА);302806
OptiDin BM63-2L20-УХЛ3-RR (6кА);302811
OptiDin BM63-2L25-УХЛ3-RR (6кА);302812
OptiDin BM63-2L2-УХЛ3-RR (6кА);302810
OptiDin BM63-2L32-УХЛ3-RR (6кА);302814
OptiDin BM63-2L3-УХЛ3-RR (6кА);302813
OptiDin BM63-2L40-УХЛ3-RR (6кА);302816
OptiDin BM63-2L4-УХЛ3-RR (6кА);302815
OptiDin BM63-2L50-УХЛ3-RR (6кА);302818
OptiDin BM63-2L5-УХЛ3-RR (6кА);302817
OptiDin BM63-2L63-УХЛ3-RR (6кА);302820
OptiDin BM63-2L6-УХЛ3-RR (6кА);302819
OptiDin BM63-2L8-УХЛ3-RR (6кА);302821
OptiDin BM63-2NB10-УХЛ3-RR (6кА);302823
OptiDin BM63-2NB13-УХЛ3-RR (6кА);302824
OptiDin BM63-2NB16-УХЛ3-RR (6кА);302825
OptiDin BM63-2NB1-УХЛ3-RR (6кА);302822
OptiDin BM63-2NB20-УХЛ3-RR (6кА);302827
OptiDin BM63-2NB25-УХЛ3-RR (6кА);302828
OptiDin BM63-2NB2-УХЛ3-RR (6кА);302826
OptiDin BM63-2NB32-УХЛ3-RR (6кА);302830
OptiDin BM63-2NB3-УХЛ3-RR (6кА);302829
OptiDin BM63-2NB40-УХЛ3-RR (6кА);302832
OptiDin BM63-2NB4-УХЛ3-RR (6кА);302831
OptiDin BM63-2NB50-УХЛ3-RR (6кА);302834
OptiDin BM63-2NB5-УХЛ3-RR (6кА);302833
OptiDin BM63-2NB63-УХЛ3-RR (6кА);302836
OptiDin BM63-2NB6-УХЛ3-RR (6кА);302835
OptiDin BM63-2NB8-УХЛ3-RR (6кА);302837
OptiDin BM63-2NC10-УХЛ3-RR (6кА);302839
OptiDin BM63-2NC13-УХЛ3-RR (6кА);302840
OptiDin BM63-2NC16-УХЛ3-RR (6кА);302841
OptiDin BM63-2NC1-УХЛ3-RR (6кА);302838
OptiDin BM63-2NC20-УХЛ3-RR (6кА);302843
OptiDin BM63-2NC25-УХЛ3-RR (6кА);302844
OptiDin BM63-2NC2-УХЛ3-RR (6кА);302842
OptiDin BM63-2NC32-УХЛ3-RR (6кА);302846
OptiDin BM63-2NC3-УХЛ3-RR (6кА);302845
OptiDin BM63-2NC40-УХЛ3-RR (6кА);302848
OptiDin BM63-2NC4-УХЛ3-RR (6кА);302847
OptiDin BM63-2NC50-УХЛ3-RR (6кА);302850
OptiDin BM63-2NC5-УХЛ3-RR (6кА);302849
OptiDin BM63-2NC63-УХЛ3-RR (6кА);302852
OptiDin BM63-2NC6-УХЛ3-RR (6кА);302851
OptiDin BM63-2NC8-УХЛ3-RR (6кА);302853
OptiDin BM63-2ND10-УХЛ3-RR (6кА);302855
OptiDin BM63-2ND13-УХЛ3-RR (6кА);302856
OptiDin BM63-2ND16-УХЛ3-RR (6кА);302857
OptiDin BM63-2ND1-УХЛ3-RR (6кА);302854
OptiDin BM63-2ND20-УХЛ3-RR (6кА);302859
OptiDin BM63-2ND25-УХЛ3-RR (6кА);302860
OptiDin BM63-2ND2-УХЛ3-RR (6кА);302858
OptiDin BM63-2ND32-УХЛ3-RR (6кА);302862
OptiDin BM63-2ND3-УХЛ3-RR (6кА);302861
OptiDin BM63-2ND40-УХЛ3-RR (6кА);302864
OptiDin BM63-2ND4-УХЛ3-RR (6кА);302863
OptiDin BM63-2ND50-УХЛ3-RR (6кА);302866
OptiDin BM63-2ND5-УХЛ3-RR (6кА);302865
OptiDin BM63-2ND63-УХЛ3-RR (6кА);302868
OptiDin BM63-2ND6-УХЛ3-RR (6кА);302867
OptiDin BM63-2ND8-УХЛ3-RR (6кА);302869
OptiDin BM63-2NK10-УХЛ3-RR (6кА);302871
OptiDin BM63-2NK13-УХЛ3-RR (6кА);302872
OptiDin BM63-2NK16-УХЛ3-RR (6кА);302873
OptiDin BM63-2NK1-УХЛ3-RR (6кА);302870
OptiDin BM63-2NK20-УХЛ3-RR (6кА);302875
OptiDin BM63-2NK25-УХЛ3-RR (6кА);302876
OptiDin BM63-2NK2-УХЛ3-RR (6кА);302874
OptiDin BM63-2NK32-УХЛ3-RR (6кА);302878
OptiDin BM63-2NK3-УХЛ3-RR (6кА);302877
OptiDin BM63-2NK40-УХЛ3-RR (6кА);302880
OptiDin BM63-2NK4-УХЛ3-RR (6кА);302879
OptiDin BM63-2NK50-УХЛ3-RR (6кА);302882
OptiDin BM63-2NK5-УХЛ3-RR (6кА);302881
OptiDin BM63-2NK63-УХЛ3-RR (6кА);302884
OptiDin BM63-2NK6-УХЛ3-RR (6кА);302883
OptiDin BM63-2NK8-УХЛ3-RR (6кА);302885
OptiDin BM63-2NL10-УХЛ3-RR (6кА);302887
OptiDin BM63-2NL13-УХЛ3-RR (6кА);302888
OptiDin BM63-2NL16-УХЛ3-RR (6кА);302889
OptiDin BM63-2NL1-УХЛ3-RR (6кА);302886
OptiDin BM63-2NL20-УХЛ3-RR (6кА);302891
OptiDin BM63-2NL25-УХЛ3-RR (6кА);302892
OptiDin BM63-2NL2-УХЛ3-RR (6кА);302890
OptiDin BM63-2NL32-УХЛ3-RR (6кА);302894
OptiDin BM63-2NL3-УХЛ3-RR (6кА);302893
OptiDin BM63-2NL40-УХЛ3-RR (6кА);302896
OptiDin BM63-2NL4-УХЛ3-RR (6кА);302895
OptiDin BM63-2NL50-УХЛ3-RR (6кА);302898
OptiDin BM63-2NL5-УХЛ3-RR (6кА);302897
OptiDin BM63-2NL63-УХЛ3-RR (6кА);302900
OptiDin BM63-2NL6-УХЛ3-RR (6кА);302899
OptiDin BM63-2NL8-УХЛ3-RR (6кА);302901
OptiDin BM63-2NZ10-УХЛ3-RR (6кА);302903
OptiDin BM63-2NZ13-УХЛ3-RR (6кА);302904
OptiDin BM63-2NZ16-УХЛ3-RR (6кА);302905
OptiDin BM63-2NZ1-УХЛ3-RR (6кА);302902
OptiDin BM63-2NZ20-УХЛ3-RR (6кА);302907
OptiDin BM63-2NZ25-УХЛ3-RR (6кА);302908
OptiDin BM63-2NZ2-УХЛ3-RR (6кА);302906
OptiDin BM63-2NZ32-УХЛ3-RR (6кА);302910
OptiDin BM63-2NZ3-УХЛ3-RR (6кА);302909
OptiDin BM63-2NZ40-УХЛ3-RR (6кА);302912
OptiDin BM63-2NZ4-УХЛ3-RR (6кА);302911
OptiDin BM63-2NZ50-УХЛ3-RR (6кА);302914
OptiDin BM63-2NZ5-УХЛ3-RR (6кА);302913
OptiDin BM63-2NZ63-УХЛ3-RR (6кА);302916
OptiDin BM63-2NZ6-УХЛ3-RR (6кА);302915
OptiDin BM63-2NZ8-УХЛ3-RR (6кА);302917
OptiDin BM63-2Z10-УХЛ3-RR (6кА);302919
OptiDin BM63-2Z13-УХЛ3-RR (6кА);302920
OptiDin BM63-2Z16-УХЛ3-RR (6кА);302921
OptiDin BM63-2Z1-УХЛ3-RR (6кА);302918
OptiDin BM63-2Z20-УХЛ3-RR (6кА);302923
OptiDin BM63-2Z25-УХЛ3-RR (6кА);302924
OptiDin BM63-2Z2-УХЛ3-RR (6кА);302922
OptiDin BM63-2Z32-УХЛ3-RR (6кА);302926
OptiDin BM63-2Z3-УХЛ3-RR (6кА);302925
OptiDin BM63-2Z40-УХЛ3-RR (6кА);302928
OptiDin BM63-2Z4-УХЛ3-RR (6кА);302927
OptiDin BM63-2Z50-УХЛ3-RR (6кА);302930
OptiDin BM63-2Z5-УХЛ3-RR (6кА);302929
OptiDin BM63-2Z63-УХЛ3-RR (6кА);302932
OptiDin BM63-2Z6-УХЛ3-RR (6кА);302931
OptiDin BM63-2Z8-УХЛ3-RR (6кА);302933
OptiDin BM63-3B10-УХЛ3-RR (6кА);302935
OptiDin BM63-3B13-УХЛ3-RR (6кА);302936
OptiDin BM63-3B16-УХЛ3-RR (6кА);302937
OptiDin BM63-3B1-УХЛ3-RR (6кА);302934
OptiDin BM63-3B20-УХЛ3-RR (6кА);302939
OptiDin BM63-3B25-УХЛ3-RR (6кА);302940
OptiDin BM63-3B2-УХЛ3-RR (6кА);302938
OptiDin BM63-3B32-УХЛ3-RR (6кА);302942
OptiDin BM63-3B3-УХЛ3-RR (6кА);302941
OptiDin BM63-3B40-УХЛ3-RR (6кА);302944
OptiDin BM63-3B4-УХЛ3-RR (6кА);302943
OptiDin BM63-3B50-УХЛ3-RR (6кА);302946
OptiDin BM63-3B5-УХЛ3-RR (6кА);302945
OptiDin BM63-3B63-УХЛ3-RR (6кА);302948
OptiDin BM63-3B6-УХЛ3-RR (6кА);302947
OptiDin BM63-3B8-УХЛ3-RR (6кА);302949
OptiDin BM63-3C10-УХЛ3-RR (6кА);302951
OptiDin BM63-3C13-УХЛ3-RR (6кА);302952
OptiDin BM63-3C16-УХЛ3-RR (6кА);302953
OptiDin BM63-3C1-УХЛ3-RR (6кА);302950
OptiDin BM63-3C20-УХЛ3-RR (6кА);302955
OptiDin BM63-3C25-УХЛ3-RR (6кА);302956
OptiDin BM63-3C2-УХЛ3-RR (6кА);302954
OptiDin BM63-3C32-УХЛ3-RR (6кА);302958
OptiDin BM63-3C3-УХЛ3-RR (6кА);302957
OptiDin BM63-3C40-УХЛ3-RR (6кА);302960
OptiDin BM63-3C4-УХЛ3-RR (6кА);302959
OptiDin BM63-3C50-УХЛ3-RR (6кА);302962
OptiDin BM63-3C5-УХЛ3-RR (6кА);302961
OptiDin BM63-3C63-УХЛ3-RR (6кА);302964
OptiDin BM63-3C6-УХЛ3-RR (6кА);302963
OptiDin BM63-3C8-УХЛ3-RR (6кА);302965
OptiDin BM63-3D10-УХЛ3-RR (6кА);302967
OptiDin BM63-3D13-УХЛ3-RR (6кА);302968
OptiDin BM63-3D16-УХЛ3-RR (6кА);302969
OptiDin BM63-3D1-УХЛ3-RR (6кА);302966
OptiDin BM63-3D20-УХЛ3-RR (6кА);302971
OptiDin BM63-3D25-УХЛ3-RR (6кА);302972
OptiDin BM63-3D2-УХЛ3-RR (6кА);302970
OptiDin BM63-3D32-УХЛ3-RR (6кА);302974
OptiDin BM63-3D3-УХЛ3-RR (6кА);302973
OptiDin BM63-3D40-УХЛ3-RR (6кА);302976
OptiDin BM63-3D4-УХЛ3-RR (6кА);302975
OptiDin BM63-3D50-УХЛ3-RR (6кА);302978
OptiDin BM63-3D5-УХЛ3-RR (6кА);302977
OptiDin BM63-3D63-УХЛ3-RR (6кА);302980
OptiDin BM63-3D6-УХЛ3-RR (6кА);302979
OptiDin BM63-3D8-УХЛ3-RR (6кА);302981
OptiDin BM63-3K10-УХЛ3-RR (6кА);302983
OptiDin BM63-3K13-УХЛ3-RR (6кА);302984
OptiDin BM63-3K16-УХЛ3-RR (6кА);302985
OptiDin BM63-3K1-УХЛ3-RR (6кА);302982
OptiDin BM63-3K20-УХЛ3-RR (6кА);302987
OptiDin BM63-3K25-УХЛ3-RR (6кА);302988
OptiDin BM63-3K2-УХЛ3-RR (6кА);302986
OptiDin BM63-3K32-УХЛ3-RR (6кА);302990
OptiDin BM63-3K3-УХЛ3-RR (6кА);302989
OptiDin BM63-3K40-УХЛ3-RR (6кА);302992
OptiDin BM63-3K4-УХЛ3-RR (6кА);302991
OptiDin BM63-3K50-УХЛ3-RR (6кА);302994
OptiDin BM63-3K5-УХЛ3-RR (6кА);302993
OptiDin BM63-3K63-УХЛ3-RR (6кА);302996
OptiDin BM63-3K6-УХЛ3-RR (6кА);302995
OptiDin BM63-3K8-УХЛ3-RR (6кА);302997
OptiDin BM63-3L10-УХЛ3-RR (6кА);302999
OptiDin BM63-3L13-УХЛ3-RR (6кА);303000
OptiDin BM63-3L16-УХЛ3-RR (6кА);303001
OptiDin BM63-3L1-УХЛ3-RR (6кА);302998
OptiDin BM63-3L20-УХЛ3-RR (6кА);297943
OptiDin BM63-3L25-УХЛ3-RR (6кА);303003
OptiDin BM63-3L2-УХЛ3-RR (6кА);303002
OptiDin BM63-3L32-УХЛ3-RR (6кА);303005
OptiDin BM63-3L3-УХЛ3-RR (6кА);303004
OptiDin BM63-3L40-УХЛ3-RR (6кА);303007
OptiDin BM63-3L4-УХЛ3-RR (6кА);303006
OptiDin BM63-3L50-УХЛ3-RR (6кА);303009
OptiDin BM63-3L5-УХЛ3-RR (6кА);303008
OptiDin BM63-3L63-УХЛ3-RR (6кА);303011
OptiDin BM63-3L6-УХЛ3-RR (6кА);303010
OptiDin BM63-3L8-УХЛ3-RR (6кА);303012
OptiDin BM63-3Z10-УХЛ3-RR (6кА);303014
OptiDin BM63-3Z13-УХЛ3-RR (6кА);303015
OptiDin BM63-3Z16-УХЛ3-RR (6кА);303016
OptiDin BM63-3Z1-УХЛ3-RR (6кА);303013
OptiDin BM63-3Z20-УХЛ3-RR (6кА);303018
OptiDin BM63-3Z25-УХЛ3-RR (6кА);303019
OptiDin BM63-3Z2-УХЛ3-RR (6кА);303017
OptiDin BM63-3Z32-УХЛ3-RR (6кА);303021
OptiDin BM63-3Z3-УХЛ3-RR (6кА);303020
OptiDin BM63-3Z40-УХЛ3-RR (6кА);303023
OptiDin BM63-3Z4-УХЛ3-RR (6кА);303022
OptiDin BM63-3Z50-УХЛ3-RR (6кА);303025
OptiDin BM63-3Z5-УХЛ3-RR (6кА);303024
OptiDin BM63-3Z63-УХЛ3-RR (6кА);303027
OptiDin BM63-3Z6-УХЛ3-RR (6кА);303026
OptiDin BM63-3Z8-УХЛ3-RR (6кА);303028
OptiDin BM63-4B10-УХЛ3-RR (6кА);303030
OptiDin BM63-4B13-УХЛ3-RR (6кА);303031
OptiDin BM63-4B16-УХЛ3-RR (6кА);303032
OptiDin BM63-4B1-УХЛ3-RR (6кА);303029
OptiDin BM63-4B20-УХЛ3-RR (6кА);303034
OptiDin BM63-4B25-УХЛ3-RR (6кА);303035
OptiDin BM63-4B2-УХЛ3-RR (6кА);303033
OptiDin BM63-4B32-УХЛ3-RR (6кА);303037
OptiDin BM63-4B3-УХЛ3-RR (6кА);303036
OptiDin BM63-4B40-УХЛ3-RR (6кА);303039
OptiDin BM63-4B4-УХЛ3-RR (6кА);303038
OptiDin BM63-4B50-УХЛ3-RR (6кА);303041
OptiDin BM63-4B5-УХЛ3-RR (6кА);303040
OptiDin BM63-4B63-УХЛ3-RR (6кА);303043
OptiDin BM63-4B6-УХЛ3-RR (6кА);303042
OptiDin BM63-4B8-УХЛ3-RR (6кА);303044
OptiDin BM63-4C10-УХЛ3-RR (6кА);303046
OptiDin BM63-4C13-УХЛ3-RR (6кА);303047
OptiDin BM63-4C16-УХЛ3-RR (6кА);303048
OptiDin BM63-4C1-УХЛ3-RR (6кА);303045
OptiDin BM63-4C20-УХЛ3-RR (6кА);303050
OptiDin BM63-4C25-УХЛ3-RR (6кА);303051
OptiDin BM63-4C2-УХЛ3-RR (6кА);303049
OptiDin BM63-4C32-УХЛ3-RR (6кА);303053
OptiDin BM63-4C3-УХЛ3-RR (6кА);303052
OptiDin BM63-4C40-УХЛ3-RR (6кА);303055
OptiDin BM63-4C4-УХЛ3-RR (6кА);303054
OptiDin BM63-4C50-УХЛ3-RR (6кА);303057
OptiDin BM63-4C5-УХЛ3-RR (6кА);303056
OptiDin BM63-4C63-УХЛ3-RR (6кА);303059
OptiDin BM63-4C6-УХЛ3-RR (6кА);303058
OptiDin BM63-4C8-УХЛ3-RR (6кА);303060
OptiDin BM63-4D10-УХЛ3-RR (6кА);303062
OptiDin BM63-4D13-УХЛ3-RR (6кА);303063
OptiDin BM63-4D16-УХЛ3-RR (6кА);303064
OptiDin BM63-4D1-УХЛ3-RR (6кА);303061
OptiDin BM63-4D20-УХЛ3-RR (6кА);303066
OptiDin BM63-4D25-УХЛ3-RR (6кА);303067
OptiDin BM63-4D2-УХЛ3-RR (6кА);303065
OptiDin BM63-4D32-УХЛ3-RR (6кА);303069
OptiDin BM63-4D3-УХЛ3-RR (6кА);303068
OptiDin BM63-4D40-УХЛ3-RR (6кА);303071
OptiDin BM63-4D4-УХЛ3-RR (6кА);303070
OptiDin BM63-4D50-УХЛ3-RR (6кА);303073
OptiDin BM63-4D5-УХЛ3-RR (6кА);303072
OptiDin BM63-4D63-УХЛ3-RR (6кА);303075
OptiDin BM63-4D6-УХЛ3-RR (6кА);303074
OptiDin BM63-4D8-УХЛ3-RR (6кА);303076
OptiDin BM63-4K10-УХЛ3-RR (6кА);303078
OptiDin BM63-4K13-УХЛ3-RR (6кА);303079
OptiDin BM63-4K16-УХЛ3-RR (6кА);303080
OptiDin BM63-4K1-УХЛ3-RR (6кА);303077
OptiDin BM63-4K20-УХЛ3-RR (6кА);303082
OptiDin BM63-4K25-УХЛ3-RR (6кА);303083
OptiDin BM63-4K2-УХЛ3-RR (6кА);303081
OptiDin BM63-4K32-УХЛ3-RR (6кА);303085
OptiDin BM63-4K3-УХЛ3-RR (6кА);303084
OptiDin BM63-4K40-УХЛ3-RR (6кА);303087
OptiDin BM63-4K4-УХЛ3-RR (6кА);303086
OptiDin BM63-4K50-УХЛ3-RR (6кА);303089
OptiDin BM63-4K5-УХЛ3-RR (6кА);303088
OptiDin BM63-4K63-УХЛ3-RR (6кА);303091
OptiDin BM63-4K6-УХЛ3-RR (6кА);303090
OptiDin BM63-4K8-УХЛ3-RR (6кА);303092
OptiDin BM63-4L10-УХЛ3-RR (6кА);303094
OptiDin BM63-4L13-УХЛ3-RR (6кА);303095
OptiDin BM63-4L16-УХЛ3-RR (6кА);303096
OptiDin BM63-4L1-УХЛ3-RR (6кА);303093
OptiDin BM63-4L20-УХЛ3-RR (6кА);303098
OptiDin BM63-4L25-УХЛ3-RR (6кА);303099
OptiDin BM63-4L2-УХЛ3-RR (6кА);303097
OptiDin BM63-4L32-УХЛ3-RR (6кА);303101
OptiDin BM63-4L3-УХЛ3-RR (6кА);303100
OptiDin BM63-4L40-УХЛ3-RR (6кА);303103
OptiDin BM63-4L4-УХЛ3-RR (6кА);303102
OptiDin BM63-4L50-УХЛ3-RR (6кА);303105
OptiDin BM63-4L5-УХЛ3-RR (6кА);303104
OptiDin BM63-4L63-УХЛ3-RR (6кА);303107
OptiDin BM63-4L6-УХЛ3-RR (6кА);303106
OptiDin BM63-4L8-УХЛ3-RR (6кА);303108
OptiDin BM63-4NB10-УХЛ3-RR (6кА);303110
OptiDin BM63-4NB13-УХЛ3-RR (6кА);303111
OptiDin BM63-4NB16-УХЛ3-RR (6кА);303112
OptiDin BM63-4NB1-УХЛ3-RR (6кА);303109
OptiDin BM63-4NB20-УХЛ3-RR (6кА);303114
OptiDin BM63-4NB25-УХЛ3-RR (6кА);303115
OptiDin BM63-4NB2-УХЛ3-RR (6кА);303113
OptiDin BM63-4NB32-УХЛ3-RR (6кА);303117
OptiDin BM63-4NB3-УХЛ3-RR (6кА);303116
OptiDin BM63-4NB40-УХЛ3-RR (6кА);303119
OptiDin BM63-4NB4-УХЛ3-RR (6кА);303118
OptiDin BM63-4NB50-УХЛ3-RR (6кА);303121
OptiDin BM63-4NB5-УХЛ3-RR (6кА);303120
OptiDin BM63-4NB63-УХЛ3-RR (6кА);303123
OptiDin BM63-4NB6-УХЛ3-RR (6кА);303122
OptiDin BM63-4NB8-УХЛ3-RR (6кА);303124
OptiDin BM63-4NC10-УХЛ3-RR (6кА);303126
OptiDin BM63-4NC13-УХЛ3-RR (6кА);303127
OptiDin BM63-4NC16-УХЛ3-RR (6кА);303128
OptiDin BM63-4NC1-УХЛ3-RR (6кА);303125
OptiDin BM63-4NC20-УХЛ3-RR (6кА);303130
OptiDin BM63-4NC25-УХЛ3-RR (6кА);303131
OptiDin BM63-4NC2-УХЛ3-RR (6кА);303129
OptiDin BM63-4NC32-УХЛ3-RR (6кА);303133
OptiDin BM63-4NC3-УХЛ3-RR (6кА);303132
OptiDin BM63-4NC40-УХЛ3-RR (6кА);303135
OptiDin BM63-4NC4-УХЛ3-RR (6кА);303134
OptiDin BM63-4NC50-УХЛ3-RR (6кА);303137
OptiDin BM63-4NC5-УХЛ3-RR (6кА);303136
OptiDin BM63-4NC63-УХЛ3-RR (6кА);303139
OptiDin BM63-4NC6-УХЛ3-RR (6кА);303138
OptiDin BM63-4NC8-УХЛ3-RR (6кА);303140
OptiDin BM63-4ND10-УХЛ3-RR (6кА);303142
OptiDin BM63-4ND13-УХЛ3-RR (6кА);303143
OptiDin BM63-4ND16-УХЛ3-RR (6кА);303144
OptiDin BM63-4ND1-УХЛ3-RR (6кА);303141
OptiDin BM63-4ND20-УХЛ3-RR (6кА);303146
OptiDin BM63-4ND25-УХЛ3-RR (6кА);303147
OptiDin BM63-4ND2-УХЛ3-RR (6кА);303145
OptiDin BM63-4ND32-УХЛ3-RR (6кА);303149
OptiDin BM63-4ND3-УХЛ3-RR (6кА);303148
OptiDin BM63-4ND40-УХЛ3-RR (6кА);303151
OptiDin BM63-4ND4-УХЛ3-RR (6кА);303150
OptiDin BM63-4ND50-УХЛ3-RR (6кА);303153
OptiDin BM63-4ND5-УХЛ3-RR (6кА);303152
OptiDin BM63-4ND63-УХЛ3-RR (6кА);303155
OptiDin BM63-4ND6-УХЛ3-RR (6кА);303154
OptiDin BM63-4ND8-УХЛ3-RR (6кА);303156
OptiDin BM63-4NK10-УХЛ3-RR (6кА);303158
OptiDin BM63-4NK13-УХЛ3-RR (6кА);303159
OptiDin BM63-4NK16-УХЛ3-RR (6кА);303160
OptiDin BM63-4NK1-УХЛ3-RR (6кА);303157
OptiDin BM63-4NK20-УХЛ3-RR (6кА);303162
OptiDin BM63-4NK25-УХЛ3-RR (6кА);303163
OptiDin BM63-4NK2-УХЛ3-RR (6кА);303161
OptiDin BM63-4NK32-УХЛ3-RR (6кА);303165
OptiDin BM63-4NK3-УХЛ3-RR (6кА);303164
OptiDin BM63-4NK40-УХЛ3-RR (6кА);303167
OptiDin BM63-4NK4-УХЛ3-RR (6кА);303166
OptiDin BM63-4NK50-УХЛ3-RR (6кА);303169
OptiDin BM63-4NK5-УХЛ3-RR (6кА);303168
OptiDin BM63-4NK63-УХЛ3-RR (6кА);303171
OptiDin BM63-4NK6-УХЛ3-RR (6кА);303170
OptiDin BM63-4NK8-УХЛ3-RR (6кА);303172
OptiDin BM63-4NL10-УХЛ3-RR (6кА);303174
OptiDin BM63-4NL13-УХЛ3-RR (6кА);303175
OptiDin BM63-4NL16-УХЛ3-RR (6кА);303176
OptiDin BM63-4NL1-УХЛ3-RR (6кА);303173
OptiDin BM63-4NL20-УХЛ3-RR (6кА);303178
OptiDin BM63-4NL25-УХЛ3-RR (6кА);303179
OptiDin BM63-4NL2-УХЛ3-RR (6кА);303177
OptiDin BM63-4NL32-УХЛ3-RR (6кА);303181
OptiDin BM63-4NL3-УХЛ3-RR (6кА);303180
OptiDin BM63-4NL40-УХЛ3-RR (6кА);303183
OptiDin BM63-4NL4-УХЛ3-RR (6кА);303182
OptiDin BM63-4NL50-УХЛ3-RR (6кА);303185
OptiDin BM63-4NL5-УХЛ3-RR (6кА);303184
OptiDin BM63-4NL63-УХЛ3-RR (6кА);303187
OptiDin BM63-4NL6-УХЛ3-RR (6кА);303186
OptiDin BM63-4NL8-УХЛ3-RR (6кА);303188
OptiDin BM63-4NZ10-УХЛ3-RR (6кА);303190
OptiDin BM63-4NZ13-УХЛ3-RR (6кА);303191
OptiDin BM63-4NZ16-УХЛ3-RR (6кА);303192
OptiDin BM63-4NZ1-УХЛ3-RR (6кА);303189
OptiDin BM63-4NZ20-УХЛ3-RR (6кА);303194
OptiDin BM63-4NZ25-УХЛ3-RR (6кА);303195
OptiDin BM63-4NZ2-УХЛ3-RR (6кА);303193
OptiDin BM63-4NZ32-УХЛ3-RR (6кА);303197
OptiDin BM63-4NZ3-УХЛ3-RR (6кА);303196
OptiDin BM63-4NZ40-УХЛ3-RR (6кА);303199
OptiDin BM63-4NZ4-УХЛ3-RR (6кА);303198
OptiDin BM63-4NZ50-УХЛ3-RR (6кА);303201
OptiDin BM63-4NZ5-УХЛ3-RR (6кА);303200
OptiDin BM63-4NZ63-УХЛ3-RR (6кА);303203
OptiDin BM63-4NZ6-УХЛ3-RR (6кА);303202
OptiDin BM63-4NZ8-УХЛ3-RR (6кА);303204
OptiDin BM63-4Z10-УХЛ3-RR (6кА);303206
OptiDin BM63-4Z13-УХЛ3-RR (6кА);303207
OptiDin BM63-4Z16-УХЛ3-RR (6кА);303208
OptiDin BM63-4Z1-УХЛ3-RR (6кА);303205
OptiDin BM63-4Z20-УХЛ3-RR (6кА);303210
OptiDin BM63-4Z25-УХЛ3-RR (6кА);303211
OptiDin BM63-4Z2-УХЛ3-RR (6кА);303209
OptiDin BM63-4Z32-УХЛ3-RR (6кА);303213
OptiDin BM63-4Z3-УХЛ3-RR (6кА);303212
OptiDin BM63-4Z40-УХЛ3-RR (6кА);303215
OptiDin BM63-4Z4-УХЛ3-RR (6кА);303214
OptiDin BM63-4Z50-УХЛ3-RR (6кА);303217
OptiDin BM63-4Z5-УХЛ3-RR (6кА);303216
OptiDin BM63-4Z63-УХЛ3-RR (6кА);303219
OptiDin BM63-4Z6-УХЛ3-RR (6кА);303218
OptiDin BM63-4Z8-УХЛ3-RR (6кА);303220
OptiDin BM63-МСК 1 RR;303398
OptiDin BM63-МСК 2 RR;303399
OptiDin BM63-МССК 2 RR;303400
OptiDin BM63-НР230-RR;303401
OptiDin BM63-НР24-RR;303402
OptiDin ВМ63-РММН-RR;364497
Розетка OptiDin РА10/16-502-Д-УХЛ4-RR;303403
Устройство для запирания ручки OptiDin-УХЛ3-RR;303404
OptiDin BM63-OT-1D10-УХЛ3-RR;303372
OptiDin BM63-OT-1D16-УХЛ3-RR;303373
OptiDin BM63-OT-1D20-УХЛ3-RR;303374
OptiDin BM63-OT-1D25-УХЛ3-RR;303375
OptiDin BM63-OT-1D32-УХЛ3-RR;303376
OptiDin BM63-OT-1D40-УХЛ3-RR;303377
OptiDin BM63-OT-1D50-УХЛ3-RR;303378
OptiDin BM63-OT-1D63-УХЛ3-RR;303380
OptiDin BM63-OT-1D6-УХЛ3-RR;303379
OptiDin BM63-OT-3D10-УХЛ3-RR;303381
OptiDin BM63-OT-3D16-УХЛ3-RR;303382
OptiDin BM63-OT-3D20-УХЛ3-RR;303383
OptiDin BM63-OT-3D25-УХЛ3-RR;303384
OptiDin BM63-OT-3D32-УХЛ3-RR;303385
OptiDin BM63-OT-3D40-УХЛ3-RR;303386
OptiDin BM63-OT-3D50-УХЛ3-RR;303387
OptiDin BM63-OT-3D63-УХЛ3-RR;303389
OptiDin BM63-OT-3D6-УХЛ3-RR;303388
OptiDin BM63P-140-УХЛ3-RR;303390
OptiDin BM63P-163-УХЛ3-RR;303391
OptiDin BM63P-240-УХЛ3-RR;303392
OptiDin BM63P-263-УХЛ3-RR;303393
OptiDin BM63P-340-УХЛ3-RR;303394
OptiDin BM63P-363-УХЛ3-RR;303395
OptiDin BM63P-440-УХЛ3-RR;303396
OptiDin BM63P-463-УХЛ3-RR;303397
OptiDin BM63P-120-УЗЛ3-RR;364498
OptiDin BM63P-132-УЗЛ3-RR;364499
OptiDin BM63P-220-УЗЛ3-RR;364500
OptiDin BM63P-232-УЗЛ3-RR;364501
OptiDin BM63P-320-УЗЛ3-RR;364502
OptiDin BM63P-332-УЗЛ3-RR;364503
OptiDin BM63P-420-УЗЛ3-RR;364504
OptiDin BM63P-432-УЗЛ3-RR;364505
OptiDin D63-21C10-A-УХЛ4-RR (2P, C10, 10mA);301882
OptiDin D63-21C16-A-УХЛ4-RR (2P, C16, 10mA);301883
OptiDin D63-21C20-A-УХЛ4-RR (2P, C20, 10mA);301884
OptiDin D63-21C25-A-УХЛ4-RR (2P, C25, 10mA);301885
OptiDin D63-21C32-A-УХЛ4-RR (2P, C32, 10mA);301886
OptiDin D63-21C40-A-УХЛ4-RR (2P, C40, 10mA);301887
OptiDin D63-21C6-A-УХЛ4-RR (2P, C6, 10mA);301888
OptiDin D63-22C10-A-УХЛ4-RR (2P, C10, 30mA);301889
OptiDin D63-22C16-A-УХЛ4-RR (2P, C16, 30mA);301890
OptiDin D63-22C20-A-УХЛ4-RR (2P, C20, 30mA);301891
OptiDin D63-22C25-A-УХЛ4-RR (2P, C25, 30mA);301892
OptiDin D63-22C32-A-УХЛ4-RR (2P, C32, 30mA);301893
OptiDin D63-22C40-A-УХЛ4-RR (2P, C40, 30mA);301894
OptiDin D63-22C6-A-УХЛ4-RR (2P, C6, 30mA);297945
OptiDin D63-23C10-A-УХЛ4-RR (2P, C10, 100mA);301896
OptiDin D63-23C16-A-УХЛ4-RR (2P, C16, 100mA);301897
OptiDin D63-23C20-A-УХЛ4-RR (2P, C20, 100mA);301898
OptiDin D63-23C25-A-УХЛ4-RR (2P, C25, 100mA);301899
OptiDin D63-23C32-A-УХЛ4-RR (2P, C32, 100mA);301900
OptiDin D63-23C40-A-УХЛ4-RR (2P, C40, 100mA);301901
OptiDin D63-23C6-A-УХЛ4-RR (2P, C6, 100mA);301902
OptiDin D63-24C10-A-УХЛ4-RR (2P, C10, 300mA);301903
OptiDin D63-24C16-A-УХЛ4-RR (2P, C16, 300mA);301904
OptiDin D63-24C20-A-УХЛ4-RR (2P, C20, 300mA);301905
OptiDin D63-24C25-A-УХЛ4-RR (2P, C25, 300mA);301906
OptiDin D63-24C32-A-УХЛ4-RR (2P, C32, 300mA);301907
OptiDin D63-24C40-A-УХЛ4-RR (2P, C40, 300mA);301908
OptiDin D63-24C6-A-УХЛ4-RR (2P, C6, 300mA);301909
OptiDin D63-21C10-A-У3-RR 6кА  (2P, C10, 10mA);364633
OptiDin D63-21C16-A-У3-RR 6кА  (2P, C16,10mA);364634
OptiDin D63-21C20-A-У3-RR 6кА  (2P, C20, 10mA);364635
OptiDin D63-21C25-A-У3-RR 6кА  (2P, C25, 10mA);364636
OptiDin D63-21C32-A-У3-RR 6кА  (2P, C32, 10mA);364637
OptiDin D63-21C40-A-У3-RR 6кА  (2P, C40, 10mA);364638
OptiDin D63-21C6-A-У3-RR 6кА  (2P, C6, 10mA);364639
OptiDin D63-22C10-A-У3-RR 6кА  (2P, C10, 30mA);364640
OptiDin D63-22C16-A-У3-RR 6кА  (2P, C16, 30mA);364641
OptiDin D63-22C20-A-У3-RR 6кА  (2P, C20, 30mA);364642
OptiDin D63-22C25-A-У3-RR 6кА  (2P, C25, 30mA);364643
OptiDin D63-22C32-A-У3-RR 6кА  (2P, C32, 30mA);364644
OptiDin D63-22C40-A-У3-RR 6кА  (2P, C40, 30mA);364645
OptiDin D63-22C6-A-У3-RR 6кА  (2P, C6, 30mA);364646
OptiDin D63-23C10-A-У3-RR 6кА  (2P, C10, 100mA);364647
OptiDin D63-23C16-A-У3-RR 6кА  (2P, C16, 100mA);364648
OptiDin D63-23C20-A-У3-RR 6кА  (2P, C20, 100mA);364649
OptiDin D63-23C25-A-У3-RR 6кА  (2P, C25, 100mA);364650
OptiDin D63-23C32-A-У3-RR 6кА  (2P, C32, 100mA);364651
OptiDin D63-23C40-A-У3-RR 6кА  (2P, C40, 100mA);364652
OptiDin D63-23C6-A-У3-RR 6кА  (2P, C6, 100mA);364653
OptiDin D63-24C10-A-У3-RR 6кА  (2P, C10, 300mA);364654
OptiDin D63-24C16-A-У3-RR 6кА  (2P, C16, 300mA);364655
OptiDin D63-24C20-A-У3-RR 6кА  (2P, C20, 300mA);364656
OptiDin D63-24C25-A-У3-RR 6кА  (2P, C25, 300mA);364657
OptiDin D63-24C32-A-У3-RR 6кА  (2P, C32, 300mA);364658
OptiDin D63-24C40-A-У3-RR 6кА  (2P, C40, 300mA);364659
OptiDin D63-24C6-A-У3-RR 6кА  (2P, C6, 300mA);364660
OptiDin DM-2225-AС-УХЛ4-RR (2P, 25, 30mA);302018
OptiDin DM-2240-AС-УХЛ4-RR (2P, 40, 30mA);302020
OptiDin DM-2263-AС-УХЛ4-RR (2P, 63, 30mA);302022
OptiDin DM-2325-AС-УХЛ4-RR (2P, 25, 100mA);302024
OptiDin DM-2340-AС-УХЛ4-RR (2P, 40, 100mA);302026
OptiDin DM-2363-AС-УХЛ4-RR (2P, 63, 100mA);302028
OptiDin DM-2425-AС-УХЛ4-RR (2P, 25, 300mA);302030
OptiDin DM-2440-AС-УХЛ4-RR (2P, 40, 300mA);302032
OptiDin DM-2463-AС-УХЛ4-RR (2P, 63, 300mA);302034
OptiDin DM-4225-AС-УХЛ4-RR (4P, 25, 30mA);302036
OptiDin DM-4240-AС-УХЛ4-RR (4P, 40, 30mA);302038
OptiDin DM-4263-AС-УХЛ4-RR (4P, 63, 30mA);302040
OptiDin DM-4325-AС-УХЛ4-RR (4P, 25, 100mA);302043
OptiDin DM-4340-AС-УХЛ4-RR (4P, 40, 100mA);302045
OptiDin DM-4363-AС-УХЛ4-RR (4P, 63, 100mA);302047
OptiDin DM-4425-AС-УХЛ4-RR (4P, 25, 300mA);302049
OptiDin DM-4440-AС-УХЛ4-RR (4P, 40, 300mA);302051
OptiDin DM-4463-AС-УХЛ4-RR (4P, 63, 300mA);302053
OptiDin DM-4325-A-УХЛ4-RR (4P, 25, 100mA);302042
OptiDin DM-4340-A-УХЛ4-RR (4P, 40, 100mA);302044
OptiDin DM-4363-A-УХЛ4-RR (4P, 63, 100mA);302046
OptiDin DM-4425-A-УХЛ4-RR (4P, 25, 300mA);302048
OptiDin DM-4440-A-УХЛ4-RR (4P, 40, 300mA);302050
OptiDin DM-4463-A-УХЛ4-RR (4P, 63, 300mA);302052
OptiDin DM-2225-A-УХЛ4-RR (2P, 25, 30mA);302017
OptiDin DM-2240-A-УХЛ4-RR (2P, 40, 30mA);302019
OptiDin DM-2263-A-УХЛ4-RR (2P, 63, 30mA);302021
OptiDin DM-2325-A-УХЛ4-RR (2P, 25, 100mA);302023
OptiDin DM-2340-A-УХЛ4-RR (2P, 40, 100mA);302025
OptiDin DM-2363-A-УХЛ4-RR (2P, 63, 100mA);302027
OptiDin DM-2425-A-УХЛ4-RR (2P, 25, 300mA);302029
OptiDin DM-2440-A-УХЛ4-RR (2P, 40, 300mA);302031
OptiDin DM-2463-A-УХЛ4-RR (2P, 63, 300mA);302033
OptiDin DM-4225-A-УХЛ4-RR (4P, 25, 30mA);302035
OptiDin DM-4240-A-УХЛ4-RR (4P, 40, 30mA);302037
OptiDin DM-4263-A-УХЛ4-RR (4P, 63, 30mA);302039
OptiDin DM-43100-A-УХЛ4-RR (4P, 100, 100mA);302041
OptiDin DM-2125-AС-УХЛ4-RR (2P, 25, 10mA);367587
OptiDin DM-2125-A-УХЛ4-RR (2P, 25, 10mA);367588
OptiDin DM-22100-AС-УХЛ4-RR (2P, 100, 30mA);367589
OptiDin DM-22100-A-УХЛ4-RR (2P, 100, 30mA);367590
OptiDin DM-2280-AС-УХЛ4-RR (2P, 80, 30mA);367591
OptiDin DM-2280-A-УХЛ4-RR (2P, 80, 30mA);367592
OptiDin DM-23100-AС-УХЛ4-RR (2P, 100, 100mA);367593
OptiDin DM-23100-A-УХЛ4-RR (2P, 100, 100mA);367594
OptiDin DM-2380-AС-УХЛ4-RR (2P, 80, 100mA);367595
OptiDin DM-2380-A-УХЛ4-RR (2P, 80, 100mA);367596
OptiDin DM-24100-AС-УХЛ4-RR (2P, 100, 300mA);367597
OptiDin DM-24100-A-УХЛ4-RR (2P, 100, 300mA);367598
OptiDin DM-2480-AС-УХЛ4-RR (2P, 80, 300mA);367599
OptiDin DM-2480-A-УХЛ4-RR (2P, 80, 300mA);367600
OptiDin DM-4125-AС-УХЛ4-RR (4P, 25, 10mA);367601
OptiDin DM-4125-A-УХЛ4-RR (4P, 25, 10mA);367602
OptiDin DM-42100-AС-УХЛ4-RR (4P, 100, 30mA);367603
OptiDin DM-42100-A-УХЛ4-RR (4P, 100, 30mA);367604
OptiDin DM-4280-AС-УХЛ4-RR (4P, 80, 30mA);367605
OptiDin DM-4280-A-УХЛ4-RR (4P, 80, 30mA);367606
OptiDin DM-43100-AС-УХЛ4-RR (4P, 100, 100mA);367607
OptiDin DM-4380-AС-УХЛ4-RR (4P, 80, 100mA);367608
OptiDin DM-4380-A-УХЛ4-RR (4P, 80, 100mA);367609
OptiDin DM-44100-AС-УХЛ4-RR (4P, 100, 300mA);367610
OptiDin DM-44100-A-УХЛ4-RR (4P, 100, 300mA);367611
OptiDin DM-4480-AС-УХЛ4-RR (4P, 80, 300mA);367612
OptiDin DM-4480-A-УХЛ4-RR (4P, 80, 300mA);367613
OptiDin VD63-21C10-A-УХЛ4-RR (2P, C10, 10mA);301910
OptiDin VD63-21C16-A-УХЛ4-RR (2P, C16, 10mA);301911
OptiDin VD63-21C20-A-УХЛ4-RR (2P, C20, 10mA);301912
OptiDin VD63-21C25-A-УХЛ4-RR (2P, C25, 10mA);301913
OptiDin VD63-22C10-A-УХЛ4-RR (2P, C10, 30mA);301914
OptiDin VD63-22C16-A-УХЛ4-RR (2P, C16, 30mA);301915
OptiDin VD63-22C20-A-УХЛ4-RR (2P, C20, 30mA);301916
OptiDin VD63-22C25-A-УХЛ4-RR (2P, C25, 30mA);301917
OptiDin VD63-22C32-A-УХЛ4-RR (2P, C32, 30mA);301918
OptiDin VD63-22C40-A-УХЛ4-RR (2P, C40, 30mA);301919
OptiDin VD63-22C50-A-УХЛ4-RR (2P, C50, 30mA);301920
OptiDin VD63-22C63-A-УХЛ4-RR (2P, C63, 30mA);301921
OptiDin VD63-23C10-A-УХЛ4-RR (2P, C10, 100mA);301922
OptiDin VD63-23C16-A-УХЛ4-RR (2P, C16, 100mA);301923
OptiDin VD63-23C20-A-УХЛ4-RR (2P, C20, 100mA);301924
OptiDin VD63-23C25-AS-УХЛ4-RR (2P, C25, 100mA);301926
OptiDin VD63-23C25-A-УХЛ4-RR (2P, C25, 100mA);301925
OptiDin VD63-23C32-A-УХЛ4-RR (2P, C32, 100mA);301927
OptiDin VD63-23C40-A-УХЛ4-RR (2P, C40, 100mA);301928
OptiDin VD63-23C50-AS-УХЛ4-RR (2P, C50, 100mA);301930
OptiDin VD63-23C50-A-УХЛ4-RR (2P, C50, 100mA);301929
OptiDin VD63-23C63-A-УХЛ4-RR (2P, C63, 100mA);301931
OptiDin VD63-24C25-A-УХЛ4-RR (2P, C25, 300mA);301932
OptiDin VD63-24C32-A-УХЛ4-RR (2P, C32, 300mA);301933
OptiDin VD63-24C40-A-УХЛ4-RR (2P, C40, 300mA);301934
OptiDin VD63-24C50-A-УХЛ4-RR (2P, C50, 300mA);301935
OptiDin VD63-24C63-A-УХЛ4-RR (2P, C63, 300mA);301936
OptiDin VD63-41C10-A-УХЛ4-RR (4P, C10, 10mA);301937
OptiDin VD63-41C16-A-УХЛ4-RR (4P, C16, 10mA);301938
OptiDin VD63-41C20-A-УХЛ4-RR (4P, C20, 10mA);301939
OptiDin VD63-41C25-A-УХЛ4-RR (4P, C25, 10mA);301940
OptiDin VD63-42C10-A-УХЛ4-RR (4P, C10, 30mA);301941
OptiDin VD63-42C16-A-УХЛ4-RR (4P, C16, 30mA);301942
OptiDin VD63-42C20-A-УХЛ4-RR (4P, C20, 30mA);301943
OptiDin VD63-42C25-A-УХЛ4-RR (4P, C25, 30mA);301944
OptiDin VD63-42C32-A-УХЛ4-RR (4P, C32, 30mA);301945
OptiDin VD63-42C40-A-УХЛ4-RR (4P, C40, 30mA);301946
OptiDin VD63-42C50-A-УХЛ4-RR (4P, C50, 30mA);301947
OptiDin VD63-42C63-A-УХЛ4-RR (4P, C63, 30mA);301949
OptiDin VD63-42C6-A-УХЛ4-RR (4P, C6, 30mA);301948
OptiDin VD63-43C10-A-УХЛ4-RR (4P, C10, 100mA);301950
OptiDin VD63-43C16-A-УХЛ4-RR (4P, C16, 100mA);301951
OptiDin VD63-43C20-A-УХЛ4-RR (4P, C20, 100mA);301952
OptiDin VD63-43C25-AS-УХЛ4-RR (4P, C25, 100mA);301954
OptiDin VD63-43C25-A-УХЛ4-RR (4P, C25, 100mA);301953
OptiDin VD63-43C32-AS-УХЛ4-RR (4P, C32, 100mA);301956
OptiDin VD63-43C32-A-УХЛ4-RR (4P, C32, 100mA);301955
OptiDin VD63-43C40-A-УХЛ4-RR (4P, C40, 100mA);301957
OptiDin VD63-43C50-A-УХЛ4-RR (4P, C50, 100mA);301958
OptiDin VD63-43C63-A-УХЛ4-RR  (4P, C63, 100mA);301959
OptiDin VD63-44C10-A-УХЛ4-RR (4P, C10, 300mA);301960
OptiDin VD63-44C25-A-УХЛ4-RR (4P, C25, 300mA);301961
OptiDin VD63-44C32-AS-УХЛ4-RR (4P, C32, 300mA);301963
OptiDin VD63-44C32-A-УХЛ4-RR (4P, C32, 300mA);301962
OptiDin VD63-44C40-A-УХЛ4-RR (4P, C40, 300mA);301964
OptiDin VD63-44C50-A-УХЛ4-RR (4P, C50, 300mA);301965
OptiDin VD63-44C63-AS-УХЛ4-RR (4P, C63, 300mA);301967
OptiDin VD63-44C63-A-УХЛ4-RR (4P, C63, 300mA);301966
OptiDin VD63-21D10-A-УХЛ4-RR (2P, D10, 10mA);362854
OptiDin VD63-21D16-A-УХЛ4-RR (2P, D16, 10mA);362855
OptiDin VD63-21D20-A-УХЛ4-RR (2P, D20, 10mA);362856
OptiDin VD63-21D25-A-УХЛ4-RR (2P, D25, 10mA);362857
OptiDin VD63-22B10-A-УХЛ4-RR (2P, B10, 30mA);362858
OptiDin VD63-22B16-A-УХЛ4-RR (2P, B16, 30mA);362859
OptiDin VD63-22B20-A-УХЛ4-RR (2P, B20, 30mA);362860
OptiDin VD63-22B25-A-УХЛ4-RR (2P, B25, 30mA);362861
OptiDin VD63-22B32-A-УХЛ4-RR (2P, B32, 30mA);362862
OptiDin VD63-22B40-A-УХЛ4-RR (2P, B40, 30mA);362863
OptiDin VD63-22B50-A-УХЛ4-RR (2P, B50, 30mA);362864
OptiDin VD63-22B63-A-УХЛ4-RR (2P, B63, 30mA);362865
OptiDin VD63-22B6-A-УХЛ4-RR (2P, B6, 30mA);362866
OptiDin VD63-22D10-A-УХЛ4-RR (2P, D10, 30mA);362867
OptiDin VD63-22D16-A-УХЛ4-RR (2P, D16, 30mA);362868
OptiDin VD63-22D20-A-УХЛ4-RR (2P, D20, 30mA);362869
OptiDin VD63-22D25-A-УХЛ4-RR (2P, D25, 30mA);362870
OptiDin VD63-22D32-A-УХЛ4-RR (2P, D32, 30mA);362871
OptiDin VD63-22D40-A-УХЛ4-RR (2P, D40, 30mA);362872
OptiDin VD63-22D50-A-УХЛ4-RR (2P, D50, 30mA);362873
OptiDin VD63-22D63-A-УХЛ4-RR (2P, D63, 30mA);362874
OptiDin VD63-23B10-A-УХЛ4-RR (2P, B10, 100mA);362875
OptiDin VD63-23B16-A-УХЛ4-RR (2P, B16, 100mA);362876
OptiDin VD63-23B20-A-УХЛ4-RR (2P, B20, 100mA);362877
OptiDin VD63-23B25-AS-УХЛ4-RR (2P, B25, 100mA);362878
OptiDin VD63-23B25-A-УХЛ4-RR (2P, B25, 100mA);362879
OptiDin VD63-23B32-A-УХЛ4-RR (2P, B32, 100mA);362880
OptiDin VD63-23B40-A-УХЛ4-RR (2P, B40, 100mA);362881
OptiDin VD63-23B50-AS-УХЛ4-RR (2P, B50, 100mA);362882
OptiDin VD63-23B50-A-УХЛ4-RR (2P, B50, 100mA);362883
OptiDin VD63-23B63-A-УХЛ4-RR (2P, B63, 100mA);362884
OptiDin VD63-23D10-A-УХЛ4-RR (2P, D10, 100mA);362885
OptiDin VD63-23D16-A-УХЛ4-RR (2P, D16, 100mA);362886
OptiDin VD63-23D20-A-УХЛ4-RR (2P, D20, 100mA);362887
OptiDin VD63-23D25-AS-УХЛ4-RR (2P, D25, 100mA);362888
OptiDin VD63-23D25-A-УХЛ4-RR (2P, D25, 100mA);362889
OptiDin VD63-23D32-A-УХЛ4-RR (2P, D32, 100mA);362890
OptiDin VD63-23D40-A-УХЛ4-RR (2P, D40, 100mA);362891
OptiDin VD63-23D50-AS-УХЛ4-RR (2P, D50, 100mA);362892
OptiDin VD63-23D50-A-УХЛ4-RR (2P, D50, 100mA);362893
OptiDin VD63-23D63-A-УХЛ4-RR (2P, D63, 100mA);362894
OptiDin VD63-24B25-A-УХЛ4-RR (2P, B25, 300mA);362895
OptiDin VD63-24B32-A-УХЛ4-RR (2P, B32, 300mA);362896
OptiDin VD63-24B40-A-УХЛ4-RR (2P, B40, 300mA);362897
OptiDin VD63-24B50-A-УХЛ4-RR (2P, B50, 300mA);362898
OptiDin VD63-24B63-A-УХЛ4-RR (2P, B63, 300mA);362899
OptiDin VD63-24D25-A-УХЛ4-RR (2P, D25, 300mA);362900
OptiDin VD63-24D32-A-УХЛ4-RR (2P, D32, 300mA);362901
OptiDin VD63-24D40-A-УХЛ4-RR (2P, D40, 300mA);362902
OptiDin VD63-24D50-A-УХЛ4-RR (2P, D50, 300mA);362903
OptiDin VD63-24D63-A-УХЛ4-RR (2P, D63, 300mA);362904
OptiDin VD63-41B10-A-УХЛ4-RR (4P, B10, 10mA);362905
OptiDin VD63-41B16-A-УХЛ4-RR (4P, B16, 10mA);362906
OptiDin VD63-41B20-A-УХЛ4-RR (4P, B20, 10mA);362907
OptiDin VD63-41B25-A-УХЛ4-RR (4P, B25, 10mA);362908
OptiDin VD63-41D10-A-УХЛ4-RR (4P, D10, 10mA);362909
OptiDin VD63-41D16-A-УХЛ4-RR (4P, D16, 10mA);362910
OptiDin VD63-41D20-A-УХЛ4-RR (4P, D20, 10mA);362911
OptiDin VD63-41D25-A-УХЛ4-RR (4P, D25, 10mA);362912
OptiDin VD63-42B10-A-УХЛ4-RR (4P, B10, 30mA);362913
OptiDin VD63-42B16-A-УХЛ4-RR (4P, B16, 30mA);362914
OptiDin VD63-42B20-A-УХЛ4-RR (4P, B20, 30mA);362915
OptiDin VD63-42B25-A-УХЛ4-RR (4P, B25, 30mA);362916
OptiDin VD63-42B32-A-УХЛ4-RR (4P, B32, 30mA);362917
OptiDin VD63-42B40-A-УХЛ4-RR (4P, B40, 30mA);362918
OptiDin VD63-42B50-A-УХЛ4-RR (4P, B50, 30mA);362919
OptiDin VD63-42B63-A-УХЛ4-RR (4P, B63, 30mA);362920
OptiDin VD63-42B6-A-УХЛ4-RR (4P, B6, 30mA);362921
OptiDin VD63-42D10-A-УХЛ4-RR (4P, D10, 30mA);362922
OptiDin VD63-42D16-A-УХЛ4-RR (4P, D16, 30mA);362923
OptiDin VD63-42D20-A-УХЛ4-RR (4P, D20, 30mA);362924
OptiDin VD63-42D25-A-УХЛ4-RR (4P, D25, 30mA);362925
OptiDin VD63-42D32-A-УХЛ4-RR (4P, D32, 30mA);362926
OptiDin VD63-42D40-A-УХЛ4-RR (4P, D40, 30mA);362927
OptiDin VD63-42D50-A-УХЛ4-RR (4P, D50, 30mA);362928
OptiDin VD63-42D63-A-УХЛ4-RR (4P, D63, 30mA);362929
OptiDin VD63-42D6-A-УХЛ4-RR (4P, D6, 30mA);362930
OptiDin VD63-43B10-A-УХЛ4-RR (4P, B10, 100mA);362931
OptiDin VD63-43B16-A-УХЛ4-RR (4P, B16, 100mA);362932
OptiDin VD63-43B20-A-УХЛ4-RR (4P, B20, 100mA);362933
OptiDin VD63-43B25-AS-УХЛ4-RR (4P, B25, 100mA);362934
OptiDin VD63-43B25-A-УХЛ4-RR (4P, B25, 100mA);362935
OptiDin VD63-43B32-AS-УХЛ4-RR (4P, B32, 100mA);362936
OptiDin VD63-43B32-A-УХЛ4-RR (4P, B32, 100mA);362937
OptiDin VD63-43B40-A-УХЛ4-RR (4P, B40, 100mA);362938
OptiDin VD63-43B50-A-УХЛ4-RR (4P, B50, 100mA);362939
OptiDin VD63-43B63-A-УХЛ4-RR  (4P, B63, 100mA);362940
OptiDin VD63-43C20-AS-УХЛ4-RR (4P, C20, 100mA);362941
OptiDin VD63-43D10-A-УХЛ4-RR (4P, D10, 100mA);362942
OptiDin VD63-43D16-A-УХЛ4-RR (4P, D16, 100mA);362943
OptiDin VD63-43D20-A-УХЛ4-RR (4P, D20, 100mA);362944
OptiDin VD63-43D25-AS-УХЛ4-RR (4P, D25, 100mA);362945
OptiDin VD63-43D25-A-УХЛ4-RR (4P, D25, 100mA);362946
OptiDin VD63-43D32-AS-УХЛ4-RR (4P, D32, 100mA);362947
OptiDin VD63-43D32-A-УХЛ4-RR (4P, D32, 100mA);362948
OptiDin VD63-43D40-A-УХЛ4-RR (4P, D40, 100mA);362949
OptiDin VD63-43D50-A-УХЛ4-RR (4P, D50, 100mA);362950
OptiDin VD63-43D63-A-УХЛ4-RR  (4P, D63, 100mA);362951
OptiDin VD63-44B25-A-УХЛ4-RR (4P, B25, 300mA);362952
OptiDin VD63-44B32-AS-УХЛ4-RR (4P, B32, 300mA);362953
OptiDin VD63-44B32-A-УХЛ4-RR (4P, B32, 300mA);362954
OptiDin VD63-44B40-A-УХЛ4-RR (4P, B40, 300mA);362955
OptiDin VD63-44B50-A-УХЛ4-RR (4P, B50, 300mA);362956
OptiDin VD63-44B63-AS-УХЛ4-RR (4P, B63, 300mA);362957
OptiDin VD63-44B63-A-УХЛ4-RR (4P, B63, 300mA);362958
OptiDin VD63-44D25-A-УХЛ4-RR (4P, D25, 300mA);362959
OptiDin VD63-44D32-AS-УХЛ4-RR (4P, D32, 300mA);362960
OptiDin VD63-44D32-A-УХЛ4-RR (4P, D32, 300mA);362961
OptiDin VD63-44D40-A-УХЛ4-RR (4P, D40, 300mA);362962
OptiDin VD63-44D50-A-УХЛ4-RR (4P, D50, 300mA);362963
OptiDin VD63-44D63-AS-УХЛ4-RR (4P, D63, 300mA);362964
OptiDin VD63-44D63-A-УХЛ4-RR (4P, D63, 300mA);362965
OptiDin VD63-21B10-A-УХЛ4-RR (2P, B10, 10mA) 10кА;362966
OptiDin VD63-21B16-A-УХЛ4-RR (2P, B16, 10mA) 10кА;362967
OptiDin VD63-21B20-A-УХЛ4-RR (2P, B20, 10mA) 10кА;362968
OptiDin VD63-21B25-A-УХЛ4-RR (2P, B25, 10mA) 10кА;362969
OptiDin VD63-21C10-A-УХЛ4-RR (2P, C10, 10mA) 10кА;362970
OptiDin VD63-21C16-A-УХЛ4-RR (2P, C16, 10mA) 10кА;362971
OptiDin VD63-21C20-A-УХЛ4-RR (2P, C20, 10mA) 10кА;362972
OptiDin VD63-21C25-A-УХЛ4-RR (2P, C25, 10mA) 10кА;362973
OptiDin VD63-21D10-A-УХЛ4-RR (2P, D10, 10mA) 10кА;362974
OptiDin VD63-21D16-A-УХЛ4-RR (2P, D16, 10mA) 10кА;362975
OptiDin VD63-21D20-A-УХЛ4-RR (2P, D20, 10mA) 10кА;362976
OptiDin VD63-21D25-A-УХЛ4-RR (2P, D25, 10mA) 10кА;362977
OptiDin VD63-22B10-A-УХЛ4-RR (2P, B10, 30mA) 10кА;362978
OptiDin VD63-22B16-A-УХЛ4-RR (2P, B16, 30mA) 10кА;362979
OptiDin VD63-22B20-A-УХЛ4-RR (2P, B20, 30mA) 10кА;362980
OptiDin VD63-22B25-A-УХЛ4-RR (2P, B25, 30mA) 10кА;362981
OptiDin VD63-22B32-A-УХЛ4-RR (2P, B32, 30mA) 10кА;362982
OptiDin VD63-22B40-A-УХЛ4-RR (2P, B40, 30mA) 10кА;362983
OptiDin VD63-22B50-A-УХЛ4-RR (2P, B50, 30mA) 10кА;362984
OptiDin VD63-22B63-A-УХЛ4-RR (2P, B63, 30mA) 10кА;362985
OptiDin VD63-22B6-A-УХЛ4-RR (2P, B6, 30mA) 10кА;362986
OptiDin VD63-22C10-A-УХЛ4-RR (2P, C10, 30mA) 10кА;362987
OptiDin VD63-22C16-A-УХЛ4-RR (2P, C16, 30mA) 10кА;362988
OptiDin VD63-22C20-A-УХЛ4-RR (2P, C20, 30mA) 10кА;362989
OptiDin VD63-22C25-A-УХЛ4-RR (2P, C25, 30mA) 10кА;362990
OptiDin VD63-22C32-A-УХЛ4-RR (2P, C32, 30mA) 10кА;362991
OptiDin VD63-22C40-A-УХЛ4-RR (2P, C40, 30mA) 10кА;362992
OptiDin VD63-22C50-A-УХЛ4-RR (2P, C50, 30mA) 10кА;362993
OptiDin VD63-22C63-A-УХЛ4-RR (2P, C63, 30mA) 10кА;362994
OptiDin VD63-22D10-A-УХЛ4-RR (2P, D10, 30mA) 10кА;362995
OptiDin VD63-22D16-A-УХЛ4-RR (2P, D16, 30mA) 10кА;362996
OptiDin VD63-22D20-A-УХЛ4-RR (2P, D20, 30mA) 10кА;362997
OptiDin VD63-22D25-A-УХЛ4-RR (2P, D25, 30mA) 10кА;362998
OptiDin VD63-22D32-A-УХЛ4-RR (2P, D32, 30mA) 10кА;362999
OptiDin VD63-22D40-A-УХЛ4-RR (2P, D40, 30mA) 10кА;363000
OptiDin VD63-22D50-A-УХЛ4-RR (2P, D50, 30mA) 10кА;363001
OptiDin VD63-22D63-A-УХЛ4-RR (2P, D63, 30mA) 10кА;363002
OptiDin VD63-23B10-A-УХЛ4-RR (2P, B10, 100mA) 10кА;363003
OptiDin VD63-23B16-A-УХЛ4-RR (2P, B16, 100mA) 10кА;363004
OptiDin VD63-23B20-A-УХЛ4-RR (2P, B20, 100mA) 10кА;363005
OptiDin VD63-23B25-AS-УХЛ4-RR (2P, B25, 100mA) 10кА;363006
OptiDin VD63-23B25-A-УХЛ4-RR (2P, B25, 100mA) 10кА;363007
OptiDin VD63-23B32-A-УХЛ4-RR (2P, B32, 100mA) 10кА;363008
OptiDin VD63-23B40-A-УХЛ4-RR (2P, B40, 100mA) 10кА;363009
OptiDin VD63-23B50-AS-УХЛ4-RR (2P, B50, 100mA) 10кА;363010
OptiDin VD63-23B50-A-УХЛ4-RR (2P, B50, 100mA) 10кА;363011
OptiDin VD63-23B63-A-УХЛ4-RR (2P, B63, 100mA) 10кА;363012
OptiDin VD63-23C10-A-УХЛ4-RR (2P, C10, 100mA) 10кА;363013
OptiDin VD63-23C16-A-УХЛ4-RR (2P, C16, 100mA) 10кА;363014
OptiDin VD63-23C20-A-УХЛ4-RR (2P, C20, 100mA) 10кА;363015
OptiDin VD63-23C25-AS-УХЛ4-RR (2P, C25, 100mA) 10кА;363016
OptiDin VD63-23C25-A-УХЛ4-RR (2P, C25, 100mA) 10кА;363017
OptiDin VD63-23C32-A-УХЛ4-RR (2P, C32, 100mA) 10кА;363018
OptiDin VD63-23C40-A-УХЛ4-RR (2P, C40, 100mA) 10кА;363019
OptiDin VD63-23C50-AS-УХЛ4-RR (2P, C50, 100mA) 10кА;363020
OptiDin VD63-23C50-A-УХЛ4-RR (2P, C50, 100mA) 10кА;363021
OptiDin VD63-23C63-A-УХЛ4-RR (2P, C63, 100mA) 10кА;363022
OptiDin VD63-23D10-A-УХЛ4-RR (2P, D10, 100mA) 10кА;363023
OptiDin VD63-23D16-A-УХЛ4-RR (2P, D16, 100mA) 10кА;363024
OptiDin VD63-23D20-A-УХЛ4-RR (2P, D20, 100mA) 10кА;363025
OptiDin VD63-23D25-AS-УХЛ4-RR (2P, D25, 100mA) 10кА;363026
OptiDin VD63-23D25-A-УХЛ4-RR (2P, D25, 100mA) 10кА;363027
OptiDin VD63-23D32-A-УХЛ4-RR (2P, D32, 100mA) 10кА;363028
OptiDin VD63-23D40-A-УХЛ4-RR (2P, D40, 100mA) 10кА;363029
OptiDin VD63-23D50-AS-УХЛ4-RR (2P, D50, 100mA) 10кА;363030
OptiDin VD63-23D50-A-УХЛ4-RR (2P, D50, 100mA) 10кА;363031
OptiDin VD63-23D63-A-УХЛ4-RR (2P, D63, 100mA) 10кА;363032
OptiDin VD63-24B25-A-УХЛ4-RR (2P, B25, 300mA) 10кА;363033
OptiDin VD63-24B32-A-УХЛ4-RR (2P, B32, 300mA) 10кА;363034
OptiDin VD63-24B40-A-УХЛ4-RR (2P, B40, 300mA) 10кА;363035
OptiDin VD63-24B50-A-УХЛ4-RR (2P, B50, 300mA) 10кА;363036
OptiDin VD63-24B63-A-УХЛ4-RR (2P, B63, 300mA) 10кА;363037
OptiDin VD63-24C25-A-УХЛ4-RR (2P, C25, 300mA) 10кА;363038
OptiDin VD63-24C32-A-УХЛ4-RR (2P, C32, 300mA) 10кА;363039
OptiDin VD63-24C40-A-УХЛ4-RR (2P, C40, 300mA) 10кА;363040
OptiDin VD63-24C50-A-УХЛ4-RR (2P, C50, 300mA) 10кА;363041
OptiDin VD63-24C63-A-УХЛ4-RR (2P, C63, 300mA) 10кА;363042
OptiDin VD63-24D25-A-УХЛ4-RR (2P, D25, 300mA) 10кА;363043
OptiDin VD63-24D32-A-УХЛ4-RR (2P, D32, 300mA) 10кА;363044
OptiDin VD63-24D40-A-УХЛ4-RR (2P, D40, 300mA) 10кА;363045
OptiDin VD63-24D50-A-УХЛ4-RR (2P, D50, 300mA) 10кА;363046
OptiDin VD63-24D63-A-УХЛ4-RR (2P, D63, 300mA) 10кА;363047
OptiDin VD63-41B10-A-УХЛ4-RR (4P, B10, 10mA) 10кА;363048
OptiDin VD63-41B16-A-УХЛ4-RR (4P, B16, 10mA) 10кА;363049
OptiDin VD63-41B20-A-УХЛ4-RR (4P, B20, 10mA) 10кА;363050
OptiDin VD63-41B25-A-УХЛ4-RR (4P, B25, 10mA) 10кА;363051
OptiDin VD63-41C10-A-УХЛ4-RR (4P, C10, 10mA) 10кА;363052
OptiDin VD63-41C16-A-УХЛ4-RR (4P, C16, 10mA) 10кА;363053
OptiDin VD63-41C20-A-УХЛ4-RR (4P, C20, 10mA) 10кА;363054
OptiDin VD63-41C25-A-УХЛ4-RR (4P, C25, 10mA) 10кА;363055
OptiDin VD63-41D10-A-УХЛ4-RR (4P, D10, 10mA) 10кА;363056
OptiDin VD63-41D16-A-УХЛ4-RR (4P, D16, 10mA) 10кА;363057
OptiDin VD63-41D20-A-УХЛ4-RR (4P, D20, 10mA) 10кА;363058
OptiDin VD63-41D25-A-УХЛ4-RR (4P, D25, 10mA) 10кА;363059
OptiDin VD63-42B10-A-УХЛ4-RR (4P, B10, 30mA) 10кА;363060
OptiDin VD63-42B16-A-УХЛ4-RR (4P, B16, 30mA) 10кА;363061
OptiDin VD63-42B20-A-УХЛ4-RR (4P, B20, 30mA) 10кА;363062
OptiDin VD63-42B25-A-УХЛ4-RR (4P, B25, 30mA) 10кА;363063
OptiDin VD63-42B32-A-УХЛ4-RR (4P, B32, 30mA) 10кА;363064
OptiDin VD63-42B40-A-УХЛ4-RR (4P, B40, 30mA) 10кА;363065
OptiDin VD63-42B50-A-УХЛ4-RR (4P, B50, 30mA) 10кА;363066
OptiDin VD63-42B63-A-УХЛ4-RR (4P, B63, 30mA) 10кА;363067
OptiDin VD63-42B6-A-УХЛ4-RR (4P, B6, 30mA) 10кА;363068
OptiDin VD63-42C10-A-УХЛ4-RR (4P, C10, 30mA) 10кА;363069
OptiDin VD63-42C16-A-УХЛ4-RR (4P, C16, 30mA) 10кА;363070
OptiDin VD63-42C20-A-УХЛ4-RR (4P, C20, 30mA) 10кА;363071
OptiDin VD63-42C25-A-УХЛ4-RR (4P, C25, 30mA) 10кА;363072
OptiDin VD63-42C32-A-УХЛ4-RR (4P, C32, 30mA) 10кА;363073
OptiDin VD63-42C40-A-УХЛ4-RR (4P, C40, 30mA) 10кА;363074
OptiDin VD63-42C50-A-УХЛ4-RR (4P, C50, 30mA) 10кА;363075
OptiDin VD63-42C63-A-УХЛ4-RR (4P, C63, 30mA) 10кА;363076
OptiDin VD63-42C6-A-УХЛ4-RR (4P, C6, 30mA) 10кА;363077
OptiDin VD63-42D10-A-УХЛ4-RR (4P, D10, 30mA) 10кА;363078
OptiDin VD63-42D16-A-УХЛ4-RR (4P, D16, 30mA) 10кА;363079
OptiDin VD63-42D20-A-УХЛ4-RR (4P, D20, 30mA) 10кА;363080
OptiDin VD63-42D25-A-УХЛ4-RR (4P, D25, 30mA) 10кА;363081
OptiDin VD63-42D32-A-УХЛ4-RR (4P, D32, 30mA) 10кА;363082
OptiDin VD63-42D40-A-УХЛ4-RR (4P, D40, 30mA) 10кА;363083
OptiDin VD63-42D50-A-УХЛ4-RR (4P, D50, 30mA) 10кА;363084
OptiDin VD63-42D63-A-УХЛ4-RR (4P, D63, 30mA) 10кА;363085
OptiDin VD63-42D6-A-УХЛ4-RR (4P, D6, 30mA) 10кА;363086
OptiDin VD63-43B10-A-УХЛ4-RR (4P, B10, 100mA) 10кА;363087
OptiDin VD63-43B16-A-УХЛ4-RR (4P, B16, 100mA) 10кА;363088
OptiDin VD63-43B20-A-УХЛ4-RR (4P, B20, 100mA) 10кА;363089
OptiDin VD63-43B25-AS-УХЛ4-RR (4P, B25, 100mA) 10кА;363090
OptiDin VD63-43B25-A-УХЛ4-RR (4P, B25, 100mA) 10кА;363091
OptiDin VD63-43B32-AS-УХЛ4-RR (4P, B32, 100mA) 10кА;363092
OptiDin VD63-43B32-A-УХЛ4-RR (4P, B32, 100mA) 10кА;363093
OptiDin VD63-43B40-A-УХЛ4-RR (4P, B40, 100mA) 10кА;363094
OptiDin VD63-43B50-A-УХЛ4-RR (4P, B50, 100mA) 10кА;363095
OptiDin VD63-43B63-A-УХЛ4-RR  (4P, B63, 100mA) 10кА;363096
OptiDin VD63-43C10-A-УХЛ4-RR (4P, C10, 100mA) 10кА;363097
OptiDin VD63-43C16-A-УХЛ4-RR (4P, C16, 100mA) 10кА;363098
OptiDin VD63-43C20-AS-УХЛ4-RR (4P, C20, 100mA) 10кА;363099
OptiDin VD63-43C20-A-УХЛ4-RR (4P, C20, 100mA) 10кА;363100
OptiDin VD63-43C25-AS-УХЛ4-RR (4P, C25, 100mA) 10кА;363101
OptiDin VD63-43C25-A-УХЛ4-RR (4P, C25, 100mA) 10кА;363102
OptiDin VD63-43C32-AS-УХЛ4-RR (4P, C32, 100mA) 10кА;363103
OptiDin VD63-43C32-A-УХЛ4-RR (4P, C32, 100mA) 10кА;363104
OptiDin VD63-43C40-A-УХЛ4-RR (4P, C40, 100mA) 10кА;363105
OptiDin VD63-43C50-A-УХЛ4-RR (4P, C50, 100mA) 10кА;363106
OptiDin VD63-43C63-A-УХЛ4-RR  (4P, C63, 100mA) 10кА;363107
OptiDin VD63-43D10-A-УХЛ4-RR (4P, D10, 100mA) 10кА;363108
OptiDin VD63-43D16-A-УХЛ4-RR (4P, D16, 100mA) 10кА;363109
OptiDin VD63-43D20-A-УХЛ4-RR (4P, D20, 100mA) 10кА;363110
OptiDin VD63-43D25-AS-УХЛ4-RR (4P, D25, 100mA) 10кА;363111
OptiDin VD63-43D25-A-УХЛ4-RR (4P, D25, 100mA) 10кА;363112
OptiDin VD63-43D32-AS-УХЛ4-RR (4P, D32, 100mA) 10кА;363113
OptiDin VD63-43D32-A-УХЛ4-RR (4P, D32, 100mA) 10кА;363114
OptiDin VD63-43D40-A-УХЛ4-RR (4P, D40, 100mA) 10кА;363115
OptiDin VD63-43D50-A-УХЛ4-RR (4P, D50, 100mA) 10кА;363116
OptiDin VD63-43D63-A-УХЛ4-RR  (4P, D63, 100mA) 10кА;363117
OptiDin VD63-44B25-A-УХЛ4-RR (4P, B25, 300mA) 10кА;363118
OptiDin VD63-44B32-AS-УХЛ4-RR (4P, B32, 300mA) 10кА;363119
OptiDin VD63-44B32-A-УХЛ4-RR (4P, B32, 300mA) 10кА;363120
OptiDin VD63-44B40-A-УХЛ4-RR (4P, B40, 300mA) 10кА;363121
OptiDin VD63-44B50-A-УХЛ4-RR (4P, B50, 300mA) 10кА;363122
OptiDin VD63-44B63-AS-УХЛ4-RR (4P, B63, 300mA) 10кА;363123
OptiDin VD63-44B63-A-УХЛ4-RR (4P, B63, 300mA) 10кА;363124
OptiDin VD63-44C10-A-УХЛ4-RR (4P, C10, 300mA) 10кА;363125
OptiDin VD63-44C25-A-УХЛ4-RR (4P, C25, 300mA) 10кА;363126
OptiDin VD63-44C32-AS-УХЛ4-RR (4P, C32, 300mA) 10кА;363127
OptiDin VD63-44C32-A-УХЛ4-RR (4P, C32, 300mA) 10кА;363128
OptiDin VD63-44C40-A-УХЛ4-RR (4P, C40, 300mA) 10кА;363129
OptiDin VD63-44C50-A-УХЛ4-RR (4P, C50, 300mA) 10кА;363130
OptiDin VD63-44C63-AS-УХЛ4-RR (4P, C63, 300mA) 10кА;363131
OptiDin VD63-44C63-A-УХЛ4-RR (4P, C63, 300mA) 10кА;363132
OptiDin VD63-44D25-A-УХЛ4-RR (4P, D25, 300mA) 10кА;363133
OptiDin VD63-44D32-AS-УХЛ4-RR (4P, D32, 300mA) 10кА;363134
OptiDin VD63-44D32-A-УХЛ4-RR (4P, D32, 300mA) 10кА;363135
OptiDin VD63-44D40-A-УХЛ4-RR (4P, D40, 300mA) 10кА;363136
OptiDin VD63-44D50-A-УХЛ4-RR (4P, D50, 300mA) 10кА;363137
OptiDin VD63-44D63-AS-УХЛ4-RR (4P, D63, 300mA) 10кА;363138
OptiDin VD63-44D63-A-УХЛ4-RR (4P, D63, 300mA) 10кА;363139
OptiDin BM63-1B10-DC-RP-УХЛ3-RR;341377
OptiDin BM63-1B13-DC-RP-УХЛ3-RR;341378
OptiDin BM63-1B16-DC-RP-УХЛ3-RR;341379
OptiDin BM63-1B1-DC-RP-УХЛ3-RR;341380
OptiDin BM63-1B20-DC-RP-УХЛ3-RR;341381
OptiDin BM63-1B25-DC-RP-УХЛ3-RR;341382
OptiDin BM63-1B2-DC-RP-УХЛ3-RR;341383
OptiDin BM63-1B32-DC-RP-УХЛ3-RR;341384
OptiDin BM63-1B3-DC-RP-УХЛ3-RR;341385
OptiDin BM63-1B40-DC-RP-УХЛ3-RR;341386
OptiDin BM63-1B4-DC-RP-УХЛ3-RR;341387
OptiDin BM63-1B50-DC-RP-УХЛ3-RR;341388
OptiDin BM63-1B5-DC-RP-УХЛ3-RR;341389
OptiDin BM63-1B6-DC-RP-УХЛ3-RR;341390
OptiDin BM63-1B8-DC-RP-УХЛ3-RR;341391
OptiDin BM63-1C10-DC-RP-УХЛ3-RR;341392
OptiDin BM63-1C13-DC-RP-УХЛ3-RR;341393
OptiDin BM63-1C16-DC-RP-УХЛ3-RR;341394
OptiDin BM63-1C1-DC-RP-УХЛ3-RR;341395
OptiDin BM63-1C20-DC-RP-УХЛ3-RR;341396
OptiDin BM63-1C25-DC-RP-УХЛ3-RR;341397
OptiDin BM63-1C2-DC-RP-УХЛ3-RR;341398
OptiDin BM63-1C32-DC-RP-УХЛ3-RR;341399
OptiDin BM63-1C3-DC-RP-УХЛ3-RR;341400
OptiDin BM63-1C40-DC-RP-УХЛ3-RR;341401
OptiDin BM63-1C4-DC-RP-УХЛ3-RR;341402
OptiDin BM63-1C50-DC-RP-УХЛ3-RR;341403
OptiDin BM63-1C5-DC-RP-УХЛ3-RR;341404
OptiDin BM63-1C6-DC-RP-УХЛ3-RR;341405
OptiDin BM63-1C8-DC-RP-УХЛ3-RR;341406
OptiDin BM63-1K10-DC-RP-УХЛ3-RR;341407
OptiDin BM63-1K13-DC-RP-УХЛ3-RR;341408
OptiDin BM63-1K16-DC-RP-УХЛ3-RR;341409
OptiDin BM63-1K1-DC-RP-УХЛ3-RR;341410
OptiDin BM63-1K20-DC-RP-УХЛ3-RR;341411
OptiDin BM63-1K25-DC-RP-УХЛ3-RR;341412
OptiDin BM63-1K2-DC-RP-УХЛ3-RR;341413
OptiDin BM63-1K32-DC-RP-УХЛ3-RR;341414
OptiDin BM63-1K3-DC-RP-УХЛ3-RR;341415
OptiDin BM63-1K40-DC-RP-УХЛ3-RR;341416
OptiDin BM63-1K4-DC-RP-УХЛ3-RR;341417
OptiDin BM63-1K50-DC-RP-УХЛ3-RR;341418
OptiDin BM63-1K5-DC-RP-УХЛ3-RR;341419
OptiDin BM63-1K6-DC-RP-УХЛ3-RR;341420
OptiDin BM63-1K8-DC-RP-УХЛ3-RR;341421
OptiDin BM63-1L10-DC-RP-УХЛ3-RR;341422
OptiDin BM63-1L13-DC-RP-УХЛ3-RR;341423
OptiDin BM63-1L16-DC-RP-УХЛ3-RR;341424
OptiDin BM63-1L1-DC-RP-УХЛ3-RR;341425
OptiDin BM63-1L20-DC-RP-УХЛ3-RR;341426
OptiDin BM63-1L25-DC-RP-УХЛ3-RR;341427
OptiDin BM63-1L2-DC-RP-УХЛ3-RR;341428
OptiDin BM63-1L32-DC-RP-УХЛ3-RR;341429
OptiDin BM63-1L3-DC-RP-УХЛ3-RR;341430
OptiDin BM63-1L40-DC-RP-УХЛ3-RR;341431
OptiDin BM63-1L4-DC-RP-УХЛ3-RR;341432
OptiDin BM63-1L50-DC-RP-УХЛ3-RR;341433
OptiDin BM63-1L5-DC-RP-УХЛ3-RR;341434
OptiDin BM63-1L6-DC-RP-УХЛ3-RR;341435
OptiDin BM63-1L8-DC-RP-УХЛ3-RR;341436
OptiDin BM63-1Z10-DC-RP-УХЛ3-RR;341437
OptiDin BM63-1Z13-DC-RP-УХЛ3-RR;341438
OptiDin BM63-1Z16-DC-RP-УХЛ3-RR;341439
OptiDin BM63-1Z1-DC-RP-УХЛ3-RR;341440
OptiDin BM63-1Z20-DC-RP-УХЛ3-RR;341441
OptiDin BM63-1Z25-DC-RP-УХЛ3-RR;341442
OptiDin BM63-1Z2-DC-RP-УХЛ3-RR;341443
OptiDin BM63-1Z32-DC-RP-УХЛ3-RR;341444
OptiDin BM63-1Z3-DC-RP-УХЛ3-RR;341445
OptiDin BM63-1Z40-DC-RP-УХЛ3-RR;341446
OptiDin BM63-1Z4-DC-RP-УХЛ3-RR;341447
OptiDin BM63-1Z50-DC-RP-УХЛ3-RR;341448
OptiDin BM63-1Z5-DC-RP-УХЛ3-RR;341449
OptiDin BM63-1Z6-DC-RP-УХЛ3-RR;341450
OptiDin BM63-1Z8-DC-RP-УХЛ3-RR;341451
OptiDin BM63-2B10-DC-RP-УХЛ3-RR;341452
OptiDin BM63-2B13-DC-RP-УХЛ3-RR;341453
OptiDin BM63-2B16-DC-RP-УХЛ3-RR;341454
OptiDin BM63-2B1-DC-RP-УХЛ3-RR;341455
OptiDin BM63-2B20-DC-RP-УХЛ3-RR;341456
OptiDin BM63-2B25-DC-RP-УХЛ3-RR;341457
OptiDin BM63-2B2-DC-RP-УХЛ3-RR;341458
OptiDin BM63-2B32-DC-RP-УХЛ3-RR;341459
OptiDin BM63-2B3-DC-RP-УХЛ3-RR;341460
OptiDin BM63-2B40-DC-RP-УХЛ3-RR;341461
OptiDin BM63-2B4-DC-RP-УХЛ3-RR;341462
OptiDin BM63-2B50-DC-RP-УХЛ3-RR;341463
OptiDin BM63-2B5-DC-RP-УХЛ3-RR;341464
OptiDin BM63-2B6-DC-RP-УХЛ3-RR;341465
OptiDin BM63-2B8-DC-RP-УХЛ3-RR;341466
OptiDin BM63-2C10-DC-RP-УХЛ3-RR;341467
OptiDin BM63-2C13-DC-RP-УХЛ3-RR;341468
OptiDin BM63-2C16-DC-RP-УХЛ3-RR;341469
OptiDin BM63-2C1-DC-RP-УХЛ3-RR;341470
OptiDin BM63-2C20-DC-RP-УХЛ3-RR;341471
OptiDin BM63-2C25-DC-RP-УХЛ3-RR;341472
OptiDin BM63-2C2-DC-RP-УХЛ3-RR;341473
OptiDin BM63-2C32-DC-RP-УХЛ3-RR;341474
OptiDin BM63-2C3-DC-RP-УХЛ3-RR;341475
OptiDin BM63-2C40-DC-RP-УХЛ3-RR;341476
OptiDin BM63-2C4-DC-RP-УХЛ3-RR;341477
OptiDin BM63-2C50-DC-RP-УХЛ3-RR;341478
OptiDin BM63-2C5-DC-RP-УХЛ3-RR;341479
OptiDin BM63-2C6-DC-RP-УХЛ3-RR;341480
OptiDin BM63-2C8-DC-RP-УХЛ3-RR;341481
OptiDin BM63-2K10-DC-RP-УХЛ3-RR;341482
OptiDin BM63-2K13-DC-RP-УХЛ3-RR;341483
OptiDin BM63-2K16-DC-RP-УХЛ3-RR;341484
OptiDin BM63-2K1-DC-RP-УХЛ3-RR;341485
OptiDin BM63-2K20-DC-RP-УХЛ3-RR;341486
OptiDin BM63-2K25-DC-RP-УХЛ3-RR;341487
OptiDin BM63-2K2-DC-RP-УХЛ3-RR;341488
OptiDin BM63-2K32-DC-RP-УХЛ3-RR;341489
OptiDin BM63-2K3-DC-RP-УХЛ3-RR;341490
OptiDin BM63-2K40-DC-RP-УХЛ3-RR;341491
OptiDin BM63-2K4-DC-RP-УХЛ3-RR;341492
OptiDin BM63-2K50-DC-RP-УХЛ3-RR;341493
OptiDin BM63-2K5-DC-RP-УХЛ3-RR;341494
OptiDin BM63-2K6-DC-RP-УХЛ3-RR;341495
OptiDin BM63-2K8-DC-RP-УХЛ3-RR;341496
OptiDin BM63-2L10-DC-RP-УХЛ3-RR;341497
OptiDin BM63-2L13-DC-RP-УХЛ3-RR;341498
OptiDin BM63-2L16-DC-RP-УХЛ3-RR;341499
OptiDin BM63-2L1-DC-RP-УХЛ3-RR;341500
OptiDin BM63-2L20-DC-RP-УХЛ3-RR;341501
OptiDin BM63-2L25-DC-RP-УХЛ3-RR;341502
OptiDin BM63-2L2-DC-RP-УХЛ3-RR;341503
OptiDin BM63-2L32-DC-RP-УХЛ3-RR;341504
OptiDin BM63-2L3-DC-RP-УХЛ3-RR;341505
OptiDin BM63-2L40-DC-RP-УХЛ3-RR;341506
OptiDin BM63-2L4-DC-RP-УХЛ3-RR;341507
OptiDin BM63-2L50-DC-RP-УХЛ3-RR;341508
OptiDin BM63-2L5-DC-RP-УХЛ3-RR;341509
OptiDin BM63-2L6-DC-RP-УХЛ3-RR;341510
OptiDin BM63-2L8-DC-RP-УХЛ3-RR;341511
OptiDin BM63-2Z10-DC-RP-УХЛ3-RR;341512
OptiDin BM63-2Z13-DC-RP-УХЛ3-RR;341513
OptiDin BM63-2Z16-DC-RP-УХЛ3-RR;341514
OptiDin BM63-2Z1-DC-RP-УХЛ3-RR;341515
OptiDin BM63-2Z20-DC-RP-УХЛ3-RR;341516
OptiDin BM63-2Z25-DC-RP-УХЛ3-RR;341517
OptiDin BM63-2Z2-DC-RP-УХЛ3-RR;341518
OptiDin BM63-2Z32-DC-RP-УХЛ3-RR;341519
OptiDin BM63-2Z3-DC-RP-УХЛ3-RR;341520
OptiDin BM63-2Z40-DC-RP-УХЛ3-RR;341521
OptiDin BM63-2Z4-DC-RP-УХЛ3-RR;341522
OptiDin BM63-2Z50-DC-RP-УХЛ3-RR;341523
OptiDin BM63-2Z5-DC-RP-УХЛ3-RR;341524
OptiDin BM63-2Z6-DC-RP-УХЛ3-RR;341525
OptiDin BM63-2Z8-DC-RP-УХЛ3-RR;341526
OptiDin BM63-3B10-DC-УХЛ3-RR;341677
OptiDin BM63-3B13-DC-УХЛ3-RR;341678
OptiDin BM63-3B16-DC-УХЛ3-RR;341679
OptiDin BM63-3B1-DC-УХЛ3-RR;341680
OptiDin BM63-3B20-DC-УХЛ3-RR;341681
OptiDin BM63-3B25-DC-УХЛ3-RR;341682
OptiDin BM63-3B2-DC-УХЛ3-RR;341683
OptiDin BM63-3B3-DC-УХЛ3-RR;341685
OptiDin BM63-3B4-DC-УХЛ3-RR;341687
OptiDin BM63-3B5-DC-УХЛ3-RR;341689
OptiDin BM63-3B6-DC-УХЛ3-RR;341690
OptiDin BM63-3B8-DC-УХЛ3-RR;341691
OptiDin BM63-3C10-DC-УХЛ3-RR;341692
OptiDin BM63-3C13-DC-УХЛ3-RR;341693
OptiDin BM63-3C16-DC-УХЛ3-RR;341694
OptiDin BM63-3C1-DC-УХЛ3-RR;341695
OptiDin BM63-3C20-DC-УХЛ3-RR;341696
OptiDin BM63-3C25-DC-УХЛ3-RR;341697
OptiDin BM63-3C2-DC-УХЛ3-RR;341698
OptiDin BM63-3C3-DC-УХЛ3-RR;341700
OptiDin BM63-3C4-DC-УХЛ3-RR;341702
OptiDin BM63-3C5-DC-УХЛ3-RR;341704
OptiDin BM63-3C6-DC-УХЛ3-RR;341705
OptiDin BM63-3C8-DC-УХЛ3-RR;341706
OptiDin BM63-3K10-DC-УХЛ3-RR;341707
OptiDin BM63-3K13-DC-УХЛ3-RR;341708
OptiDin BM63-3K16-DC-УХЛ3-RR;341709
OptiDin BM63-3K1-DC-УХЛ3-RR;341710
OptiDin BM63-3K20-DC-УХЛ3-RR;341711
OptiDin BM63-3K25-DC-УХЛ3-RR;341712
OptiDin BM63-3K2-DC-УХЛ3-RR;341713
OptiDin BM63-3K3-DC-УХЛ3-RR;341715
OptiDin BM63-3K4-DC-УХЛ3-RR;341717
OptiDin BM63-3K5-DC-УХЛ3-RR;341719
OptiDin BM63-3K6-DC-УХЛ3-RR;341720
OptiDin BM63-3K8-DC-УХЛ3-RR;341721
OptiDin BM63-3L10-DC-УХЛ3-RR;341722
OptiDin BM63-3L13-DC-УХЛ3-RR;341723
OptiDin BM63-3L16-DC-УХЛ3-RR;341724
OptiDin BM63-3L1-DC-УХЛ3-RR;341725
OptiDin BM63-3L20-DC-УХЛ3-RR;341726
OptiDin BM63-3L25-DC-УХЛ3-RR;341727
OptiDin BM63-3L2-DC-УХЛ3-RR;341728
OptiDin BM63-3L3-DC-УХЛ3-RR;341730
OptiDin BM63-3L4-DC-УХЛ3-RR;341732
OptiDin BM63-3L5-DC-УХЛ3-RR;341734
OptiDin BM63-3L6-DC-УХЛ3-RR;341735
OptiDin BM63-3L8-DC-УХЛ3-RR;341736
OptiDin BM63-3Z10-DC-УХЛ3-RR;341737
OptiDin BM63-3Z13-DC-УХЛ3-RR;341738
OptiDin BM63-3Z16-DC-УХЛ3-RR;341739
OptiDin BM63-3Z1-DC-УХЛ3-RR;341740
OptiDin BM63-3Z20-DC-УХЛ3-RR;341741
OptiDin BM63-3Z25-DC-УХЛ3-RR;341742
OptiDin BM63-3Z2-DC-УХЛ3-RR;341743
OptiDin BM63-3Z3-DC-УХЛ3-RR;341745
OptiDin BM63-3Z4-DC-УХЛ3-RR;341747
OptiDin BM63-3Z5-DC-УХЛ3-RR;341749
OptiDin BM63-3Z6-DC-УХЛ3-RR;341750
OptiDin BM63-3Z8-DC-УХЛ3-RR;341751
OptiDin BM63-4B10-DC-УХЛ3-RR;341752
OptiDin BM63-4B13-DC-УХЛ3-RR;341753
OptiDin BM63-4B16-DC-УХЛ3-RR;341754
OptiDin BM63-4B1-DC-УХЛ3-RR;341755
OptiDin BM63-4B20-DC-УХЛ3-RR;341756
OptiDin BM63-4B25-DC-УХЛ3-RR;341757
OptiDin BM63-4B2-DC-УХЛ3-RR;341758
OptiDin BM63-4B3-DC-УХЛ3-RR;341760
OptiDin BM63-4B4-DC-УХЛ3-RR;341762
OptiDin BM63-4B5-DC-УХЛ3-RR;341764
OptiDin BM63-4B6-DC-УХЛ3-RR;341765
OptiDin BM63-4B8-DC-УХЛ3-RR;341766
OptiDin BM63-4C10-DC-УХЛ3-RR;341767
OptiDin BM63-4C13-DC-УХЛ3-RR;341768
OptiDin BM63-4C16-DC-УХЛ3-RR;341769
OptiDin BM63-4C1-DC-УХЛ3-RR;341770
OptiDin BM63-4C20-DC-УХЛ3-RR;341771
OptiDin BM63-4C25-DC-УХЛ3-RR;341772
OptiDin BM63-4C2-DC-УХЛ3-RR;341773
OptiDin BM63-4C3-DC-УХЛ3-RR;341775
OptiDin BM63-4C4-DC-УХЛ3-RR;341777
OptiDin BM63-4C5-DC-УХЛ3-RR;341779
OptiDin BM63-4C6-DC-УХЛ3-RR;341780
OptiDin BM63-4C8-DC-УХЛ3-RR;341781
OptiDin BM63-4K10-DC-УХЛ3-RR;341782
OptiDin BM63-4K13-DC-УХЛ3-RR;341783
OptiDin BM63-4K16-DC-УХЛ3-RR;341784
OptiDin BM63-4K1-DC-УХЛ3-RR;341785
OptiDin BM63-4K20-DC-УХЛ3-RR;341786
OptiDin BM63-4K25-DC-УХЛ3-RR;341787
OptiDin BM63-4K2-DC-УХЛ3-RR;341788
OptiDin BM63-4K3-DC-УХЛ3-RR;341790
OptiDin BM63-4K4-DC-УХЛ3-RR;341792
OptiDin BM63-4K5-DC-УХЛ3-RR;341794
OptiDin BM63-4K6-DC-УХЛ3-RR;341795
OptiDin BM63-4K8-DC-УХЛ3-RR;341796
OptiDin BM63-4L10-DC-УХЛ3-RR;341797
OptiDin BM63-4L13-DC-УХЛ3-RR;341798
OptiDin BM63-4L16-DC-УХЛ3-RR;341799
OptiDin BM63-4L1-DC-УХЛ3-RR;341800
OptiDin BM63-4L20-DC-УХЛ3-RR;341801
OptiDin BM63-4L25-DC-УХЛ3-RR;341802
OptiDin BM63-4L2-DC-УХЛ3-RR;341803
OptiDin BM63-4L3-DC-УХЛ3-RR;341805
OptiDin BM63-4L4-DC-УХЛ3-RR;341807
OptiDin BM63-4L5-DC-УХЛ3-RR;341809
OptiDin BM63-4L6-DC-УХЛ3-RR;341810
OptiDin BM63-4L8-DC-УХЛ3-RR;341811
OptiDin BM63-4Z10-DC-УХЛ3-RR;341812
OptiDin BM63-4Z13-DC-УХЛ3-RR;341813
OptiDin BM63-4Z16-DC-УХЛ3-RR;341814
OptiDin BM63-4Z1-DC-УХЛ3-RR;341815
OptiDin BM63-4Z20-DC-УХЛ3-RR;341816
OptiDin BM63-4Z25-DC-УХЛ3-RR;341817
OptiDin BM63-4Z2-DC-УХЛ3-RR;341818
OptiDin BM63-4Z3-DC-УХЛ3-RR;341820
OptiDin BM63-4Z4-DC-УХЛ3-RR;341822
OptiDin BM63-4Z5-DC-УХЛ3-RR;341824
OptiDin BM63-4Z6-DC-УХЛ3-RR;341825
OptiDin BM63-4Z8-DC-УХЛ3-RR;341826
Блок вспомогательных контактов OptiDin MK11-RR;366829
OptiDin MK-100-10002-110AC-RR;366830
OptiDin MK-100-10002-230AC-RR;366831
OptiDin MK-100-10002-24AC-RR;366832
OptiDin MK-100-10002-48AC-RR;366833
OptiDin MK-100-10004-110AC-RR;366834
OptiDin MK-100-10004-230AC-RR;366835
OptiDin MK-100-10004-24AC-RR;366836
OptiDin MK-100-10004-48AC-RR;366837
OptiDin MK-100-10011-110AC-RR;366838
OptiDin MK-100-10011-230AC-RR;366839
OptiDin MK-100-10011-24AC-RR;366840
OptiDin MK-100-10011-48AC-RR;366841
OptiDin MK-100-10020-110AC-RR;366842
OptiDin MK-100-10020-230AC-RR;366843
OptiDin MK-100-10020-24AC-RR;366844
OptiDin MK-100-10020-48AC-RR;366845
OptiDin MK-100-10022-110AC-RR;366846
OptiDin MK-100-10022-230AC-RR;366847
OptiDin MK-100-10022-24AC-RR;366848
OptiDin MK-100-10022-48AC-RR;366849
OptiDin MK-100-10031-110AC-RR;366850
OptiDin MK-100-10031-230AC-RR;366851
OptiDin MK-100-10031-24AC-RR;366852
OptiDin MK-100-10031-48AC-RR;366853
OptiDin MK-100-10040-110AC-RR;366854
OptiDin MK-100-10040-230AC-RR;366855
OptiDin MK-100-10040-24AC-RR;366856
OptiDin MK-100-10040-48AC-RR;366857
OptiDin MK-100-2002-110AC-RR;366858
OptiDin MK-100-2002-230AC-RR;366859
OptiDin MK-100-2002-24AC-RR;366860
OptiDin MK-100-2002-48AC-RR;366861
OptiDin MK-100-2011-110AC-RR;366862
OptiDin MK-100-2011-230AC-RR;366863
OptiDin MK-100-2011-24AC-RR;366864
OptiDin MK-100-2011-48AC-RR;366865
OptiDin MK-100-2020-110AC-RR;366866
OptiDin MK-100-2020-230AC-RR;366867
OptiDin MK-100-2020-24AC-RR;366868
OptiDin MK-100-2020-48AC-RR;366869
OptiDin MK-100-2502-110AC-RR;366870
OptiDin MK-100-2502-230AC-RR;366871
OptiDin MK-100-2502-24AC-RR;366872
OptiDin MK-100-2502-48AC-RR;366873
OptiDin MK-100-2504-110AC-RR;366874
OptiDin MK-100-2504-230AC-RR;366875
OptiDin MK-100-2504-24AC-RR;366876
OptiDin MK-100-2504-48AC-RR;366877
OptiDin MK-100-2511-110AC-RR;366878
OptiDin MK-100-2511-230AC-RR;366879
OptiDin MK-100-2511-24AC-RR;366880
OptiDin MK-100-2511-48AC-RR;366881
OptiDin MK-100-2520-110AC-RR;366882
OptiDin MK-100-2520-230AC-RR;366883
OptiDin MK-100-2520-24AC-RR;366884
OptiDin MK-100-2520-48AC-RR;366885
OptiDin MK-100-2522-110AC-RR;366886
OptiDin MK-100-2522-230AC-RR;366887
OptiDin MK-100-2522-24AC-RR;366888
OptiDin MK-100-2522-48AC-RR;366889
OptiDin MK-100-2531-110AC-RR;366890
OptiDin MK-100-2531-230AC-RR;366891
OptiDin MK-100-2531-24AC-RR;366892
OptiDin MK-100-2531-48AC-RR;366893
OptiDin MK-100-2540-110AC-RR;366894
OptiDin MK-100-2540-230AC-RR;366895
OptiDin MK-100-2540-24AC-RR;366896
OptiDin MK-100-2540-48AC-RR;366897
OptiDin MK-100-4002-110AC-RR;366898
OptiDin MK-100-4002-230AC-RR;366899
OptiDin MK-100-4002-24AC-RR;366900
OptiDin MK-100-4002-48AC-RR;366901
OptiDin MK-100-4004-110AC-RR;366902
OptiDin MK-100-4004-230AC-RR;366903
OptiDin MK-100-4004-24AC-RR;366904
OptiDin MK-100-4004-48AC-RR;366905
OptiDin MK-100-4011-110AC-RR;366906
OptiDin MK-100-4011-230AC-RR;366907
OptiDin MK-100-4011-24AC-RR;366908
OptiDin MK-100-4011-48AC-RR;366909
OptiDin MK-100-4020-110AC-RR;366910
OptiDin MK-100-4020-230AC-RR;366911
OptiDin MK-100-4020-24AC-RR;366912
OptiDin MK-100-4020-48AC-RR;366913
OptiDin MK-100-4022-110AC-RR;366914
OptiDin MK-100-4022-230AC-RR;366915
OptiDin MK-100-4022-24AC-RR;366916
OptiDin MK-100-4022-48AC-RR;366917
OptiDin MK-100-4031-110AC-RR;366918
OptiDin MK-100-4031-230AC-RR;366919
OptiDin MK-100-4031-24AC-RR;366920
OptiDin MK-100-4031-48AC-RR;366921
OptiDin MK-100-4040-110AC-RR;366922
OptiDin MK-100-4040-230AC-RR;366923
OptiDin MK-100-4040-24AC-RR;366924
OptiDin MK-100-4040-48AC-RR;366925
OptiDin MK-100-6302-110AC-RR;366926
OptiDin MK-100-6302-230AC-RR;366927
OptiDin MK-100-6302-24AC-RR;366928
OptiDin MK-100-6302-48AC-RR;366929
OptiDin MK-100-6304-110AC-RR;366930
OptiDin MK-100-6304-230AC-RR;366931
OptiDin MK-100-6304-24AC-RR;366932
OptiDin MK-100-6304-48AC-RR;366933
OptiDin MK-100-6311-110AC-RR;366934
OptiDin MK-100-6311-230AC-RR;366935
OptiDin MK-100-6311-24AC-RR;366936
OptiDin MK-100-6311-48AC-RR;366937
OptiDin MK-100-6320-110AC-RR;366938
OptiDin MK-100-6320-230AC-RR;366939
OptiDin MK-100-6320-24AC-RR;366940
OptiDin MK-100-6320-48AC-RR;366941
OptiDin MK-100-6322-110AC-RR;366942
OptiDin MK-100-6322-230AC-RR;366943
OptiDin MK-100-6322-24AC-RR;366944
OptiDin MK-100-6322-48AC-RR;366945
OptiDin MK-100-6331-110AC-RR;366946
OptiDin MK-100-6331-230AC-RR;366947
OptiDin MK-100-6331-24AC-RR;366948
OptiDin MK-100-6331-48AC-RR;366949
OptiDin MK-100-6340-110AC-RR;366950
OptiDin MK-100-6340-230AC-RR;366951
OptiDin MK-100-6340-24AC-RR;366952
OptiDin MK-100-6340-48AC-RR;366953
OptiDin MK-100-8002-110AC-RR;366954
OptiDin MK-100-8002-230AC-RR;366955
OptiDin MK-100-8002-24AC-RR;366956
OptiDin MK-100-8002-48AC-RR;366957
OptiDin MK-100-8004-110AC-RR;366958
OptiDin MK-100-8004-230AC-RR;366959
OptiDin MK-100-8004-24AC-RR;366960
OptiDin MK-100-8004-48AC-RR;366961
OptiDin MK-100-8011-110AC-RR;366962
OptiDin MK-100-8011-230AC-RR;366963
OptiDin MK-100-8011-24AC-RR;366964
OptiDin MK-100-8011-48AC-RR;366965
OptiDin MK-100-8020-110AC-RR;366966
OptiDin MK-100-8020-230AC-RR;366967
OptiDin MK-100-8020-24AC-RR;366968
OptiDin MK-100-8020-48AC-RR;366969
OptiDin MK-100-8022-110AC-RR;366970
OptiDin MK-100-8022-230AC-RR;366971
OptiDin MK-100-8022-24AC-RR;366972
OptiDin MK-100-8022-48AC-RR;366973
OptiDin MK-100-8031-110AC-RR;366974
OptiDin MK-100-8031-230AC-RR;366975
OptiDin MK-100-8031-24AC-RR;366976
OptiDin MK-100-8031-48AC-RR;366977
OptiDin MK-100-8040-110AC-RR;366978
OptiDin MK-100-8040-230AC-RR;366979
OptiDin MK-100-8040-24AC-RR;366980
OptiDin MK-100-8040-48AC-RR;366981
;
Контакт вспомогательный ВК/СК1/СК2-OptiMat D-УХЛ3-РЖД;375926
OptiMat D100N-MR1-У3-РЖД;303477
OptiMat D100H-MR1-У3-РЖД;303476
OptiMat D160N-MR1-У3-РЖД;303479
OptiMat D160H-MR1-У3-РЖД;303478
OptiMat D250N-MR1-У3-РЖД;293453
OptiMat D250H-MR1-У3-РЖД;303493
OptiMat D400N-MR1-У3-РЖД;303520
OptiMat D400Н-MR1-У3-РЖД;303522
OptiMat D630N-MR1-У3-РЖД;303526
OptiMat D630H-MR1-У3-РЖД;303524
OptiMat D400N-MR2-У3-РЖД;303521
OptiMat D400Н-MR2-У3-РЖД;303523
OptiMat D630N-MR2-У3-РЖД;303527
OptiMat D630H-MR2-У3-РЖД;303525
OptiMat D1000N-MR2-У3-РЖД;303529
OptiMat D1000H-MR2-У3-РЖД;303528
OptiMat D1600N-MR2-У3-РЖД;303531
OptiMat D1600H-MR2-У3-РЖД;303530
OptiMat D250L-TM016-УХЛ3-РЖД;303494
OptiMat D250L-TM020-УХЛ3-РЖД;303495
OptiMat D250L-TM025-УХЛ3-РЖД;303496
OptiMat D250L-TM032-УХЛ3-РЖД;303497
OptiMat D250L-TM040-УХЛ3-РЖД;303498
OptiMat D250L-TM050-УХЛ3-РЖД;303499
OptiMat D250L-TM063-УХЛ3-РЖД;303500
OptiMat D250L-TM080-УХЛ3-РЖД;303501
OptiMat D250L-TM100-УХЛ3-РЖД;303502
OptiMat D250L-TM125-УХЛ3-РЖД;303503
OptiMat D250L-TM160-УХЛ3-РЖД;303504
OptiMat D250L-TM200-УХЛ3-РЖД;303505
OptiMat D250L-TM250-УХЛ3-РЖД;303506
OptiMat D250N-TM016-УХЛ3-РЖД;303507
OptiMat D250N-TM020-УХЛ3-РЖД;303508
OptiMat D250N-TM025-УХЛ3-РЖД;303509
OptiMat D250N-TM032-УХЛ3-РЖД;303510
OptiMat D250N-TM040-УХЛ3-РЖД;303511
OptiMat D250N-TM050-УХЛ3-РЖД;303512
OptiMat D250N-TM063-УХЛ3-РЖД;303513
OptiMat D250N-TM080-УХЛ3-РЖД;303514
OptiMat D250N-TM100-УХЛ3-РЖД;303515
OptiMat D250N-TM125-УХЛ3-РЖД;303516
OptiMat D250N-TM160-УХЛ3-РЖД;303517
OptiMat D250N-TM200-УХЛ3-РЖД;303518
OptiMat D250N-TM250-УХЛ3-РЖД;303519
OptiMat D250F-TM016-УХЛ3-РЖД;303480
OptiMat D250F-TM020-УХЛ3-РЖД;303481
OptiMat D250F-TM025-УХЛ3-РЖД;303482
OptiMat D250F-TM032-УХЛ3-РЖД;303483
OptiMat D250F-TM040-УХЛ3-РЖД;303484
OptiMat D250F-TM050-УХЛ3-РЖД;303485
OptiMat D250F-TM063-УХЛ3-РЖД;303486
OptiMat D250F-TM080-УХЛ3-РЖД;303487
OptiMat D250F-TM100-УХЛ3-РЖД;303488
OptiMat D250F-TM125-УХЛ3-РЖД;303489
OptiMat D250F-TM160-УХЛ3-РЖД;303490
OptiMat D250F-TM200-УХЛ3-РЖД;303491
OptiMat D250F-TM250-УХЛ3-РЖД;303492
Комплект ВК-Optimat D-УХЛ3-4шт-РЖД;303537
Крышка клеммная OptiMat D100...250-УХЛ3-2шт-РЖД;303542
Крышка клеммная OptiMat D400...630-УХЛ3-2шт-РЖД;303543
Расцепитель минимального напряжения OptiMat D16...630-230AC-УХЛ3-РЖД;303549
Расцепитель независимый OptiMat D16...630-110DC/230AC-УХЛ3-РЖД;303551
Расцепитель независимый OptiMat D16...630-220DC/400AC-УХЛ3-РЖД;303552
Расцепитель независимый OptiMat D16...630-24DC/48AC-УХЛ3-РЖД;303553
Расцепитель независимый OptiMat D16...630-48DC/110AC-УХЛ3-РЖД;303554
Расцепитель независимый OptiMat D1000...1600-220DC/230AC-УХЛ3-РЖД;303550
КЗП OptiMat D100...250-УХЛ3-длинный-РЖД;303533
КЗП OptiMat D100...250-УХЛ3-короткий-РЖД;303534
КЗП OptiMat D400...630-УХЛ3-длинный-РЖД;303535
КЗП OptiMat D400...630-УХЛ3-короткий-РЖД;303536
Комплект для втычного присоединения OptiMat D100...250-УХЛ3-РЖД;303538
Комплект для втычного присоединения OptiMat D400...630-УХЛ3-РЖД;303539
Комплект для выдвижного исполнения OptiMat D100...250-УХЛ3-РЖД;303540
Комплект для выдвижного исполнения OptiMat D400...630-УХЛ3-РЖД;303541
Привод ручной дистанционный OptiMat D100...250-УХЛ3-РЖД;303547
Привод ручной дистанционный OptiMat D400...630-УХЛ3-РЖД;303548
Привод двигательный OptiMat D100...250-230AC-УХЛ3-РЖД;303544
Привод двигательный OptiMat D400...630-230AC-УХЛ3-РЖД;303546
Привод двигательный OptiMat D1000...1600-230AC-УХЛ3-РЖД;303545
Расширители полюсов OptiMat D100..250-УХЛ3-3 шт-РЖД;303555
Расширители полюсов OptiMat D400..630-УХЛ3-короткий-3 шт-РЖД;303557
Расширители полюсов OptiMat D400..630-УХЛ3-длинный-3 шт-РЖД;303556
Устройство блокировки положения (отключено) OptiMat D16…630-УХЛ3-РЖД;303559
Вилка для вторичных цепей MSTB-2.5/13-OptiMat/ВА57-УХЛ3-РЖД;303532
Розетка для вторичных цепей UMSTBVK-2.5/13-OptiMat/ВА57-УХЛ3-РЖД;303558
;
OptiMat E100L016-УХЛ3-RR;303425
OptiMat E100L020-УХЛ3-RR;303426
OptiMat E100L025-УХЛ3-RR;303427
OptiMat E100L032-УХЛ3-RR;303428
OptiMat E100L040-УХЛ3-RR;303429
OptiMat E100L050-УХЛ3-RR;303430
OptiMat E100L063-УХЛ3-RR;303431
OptiMat E100L080-УХЛ3-RR;303432
OptiMat E100L100-УХЛ3-RR;303433
OptiMat E100N032-УХЛ3-RR;303434
OptiMat E100N040-УХЛ3-RR;303435
OptiMat E100N050-УХЛ3-RR;303436
OptiMat E100N063-УХЛ3-RR;303437
OptiMat E100N080-УХЛ3-RR;303438
OptiMat E100N100-УХЛ3-RR;303439
OptiMat E250H125-УХЛ3-RR;303440
OptiMat E250H160-УХЛ3-RR;303441
OptiMat E250H200-УХЛ3-RR;303442
OptiMat E250H250-УХЛ3-RR;303443
OptiMat E250L125-УХЛ3-RR;303444
OptiMat E250L160-УХЛ3-RR;303445
OptiMat E250L200-УХЛ3-RR;303446
OptiMat E250L250-УХЛ3-RR;303447
OptiMat E250N125-УХЛ3-RR;303448
OptiMat E250N160-УХЛ3-RR;303449
OptiMat E250N200-УХЛ3-RR;303450
OptiMat E250N250-УХЛ3-RR;303451
Адаптер на DIN-рейку OptiMat E100-УХЛ3-RR;303452
Адаптер на DIN-рейку OptiMat E250-УХЛ3-RR;303453
Комплект зажимов OptiMat E100-16..50А-УХЛ3-3шт-RR;303454
Комплект зажимов OptiMat E100-63..100А-УХЛ3-3шт-RR;303455
Комплект зажимов OptiMat E250-УХЛ3-3шт-RR;303456
Контакт вспомогательный левый OptiMat E-УХЛ3-RR;303457
Контакт вспомогательный правый OptiMat E-УХЛ3-RR;303458
Контакт сигнализации вспомогательный OptiMat E-УХЛ3-RR;303459
Контакт сигнализации комбинированный OptiMat E-УХЛ3-RR;303460
Крышка клеммная OptiMat E100-УХЛ3-2шт-RR;303461
Крышка клеммная OptiMat E250-УХЛ3-2шт-RR;303462
Перегородки межполюсные OptiMat E-УХЛ3-2шт-RR;303463
Расцепитель независимый OptiMat E-110AC-УХЛ3-RR;303464
Расцепитель независимый OptiMat E-12AC/DC-УХЛ3-RR;303465
Расцепитель независимый OptiMat E-230AC-УХЛ3-RR;303466
Расцепитель независимый OptiMat E-24AC/DC-УХЛ3-RR;303467
Расцепитель независимый OptiMat E-400AC-УХЛ3-RR;303468
Расцепитель независимый OptiMat E-48AC/DC-УХЛ3-RR;303469
Расширители полюсов OptiMat E100-16...50-УХЛ3-3шт-RR;303470
Расширители полюсов OptiMat E100-63...100-УХЛ3-3шт-RR;303471
Расширители полюсов OptiMat E250-УХЛ3-3шт-RR;303472
Рукоятка поворотная выносная OptiMat E100-УХЛ3-RR;303473
Рукоятка поворотная выносная OptiMat E250-УХЛ3-RR;303474
Устройство блокировки положения (отключено) OptiMat E-УХЛ3-RR;303475
;
OptiMat A-1000-S2-3P-85-D-MR8.0-B-C2200-M2-P01-S1-07-РЖД;301689
OptiMat A-1000-S2-3P-85-F-MR8.0-B-C2200-M2-P04-S1-06-РЖД;301699
OptiMat A-1250-S2-3P-85-D-MR8.0-B-C2200-M2-P01-S1-07-РЖД;301690
OptiMat A-1250-S2-3P-85-F-MR8.0-B-C2200-M2-P04-S1-06-РЖД;301700
OptiMat A-1600-S2-3P-85-D-MR8.0-B-C2200-M2-P01-S1-07-РЖД;301691
OptiMat A-1600-S2-3P-85-F-MR8.0-B-C2200-M2-P04-S1-06-РЖД;301701
OptiMat A-2000-S2-3P-85-D-MR8.0-B-C2200-M2-P01-S1-07-РЖД;301693
OptiMat A-2000-S2-3P-85-F-MR8.0-B-C2200-M2-P04-S1-06-РЖД;301724
OptiMat A-630-S2-3P-85-D-MR8.0-B-C2200-M2-P01-S1-07-РЖД;301595
OptiMat A-630-S2-3P-85-F-MR7.0-B-C2200-M0-P00-S1-03-РЖД;293459
OptiMat A-630-S2-3P-85-F-MR7.0-B-C2200-M2-P00-S1-03-РЖД;301405
OptiMat A-630-S2-3P-85-F-MR8.0-B-C2200-M2-P04-S1-06-РЖД;301697
OptiMat A-800-S2-3P-85-F-MR8.0-B-C2200-M2-P04-S1-06-РЖД;301698
OptiMat A-2500-S4-3P-100-D-MR8.0-BH-C2200-M2-P01-S1-03-РЖД;368338
OptiMat A-3200-S4-3P-100-D-MR8.0-BH-C2200-M2-P01-S1-03-РЖД;368340
OptiMat A-4000-S4-3P-100-D-MR8.0-BH-C2200-M2-P01-S1-03-РЖД;368342
OptiMat A-2000-S2-3P-85-D-MR8.0-B-C2202-M2-P01-S1-03-РЖД;368343
OptiMat A-1600-S2-3P-85-D-MR8.0-B-C2200-M2-P01-S1-03-РЖД;368344
OptiMat A-1000-S2-3P-85-D-MR8.0-B-C2200-M2-P01-S1-03-РЖД;368345
OptiMat A-1000-S2-3P-85-F-MR8.0-B-C0300-M0-P00-S1-03-РЖД;322772
OptiMat A-1250-S2-4P-85-D-MR8.0-B-C2200-M2-P01-S1-03-РЖД;353100
OptiMat A-1600-S2-4P-85-D-MR8.0-B-C2200-M2-P01-S1-03-РЖД;353099
OptiMat A-2500-S4-3P-100-F-MR8.0-B-C0300-M0-P00-S1-00-РЖД;323669
OptiMat A-800-S2-4P-85-D-MR8.0-F-C2200-M2-P01-S1-03-РЖД;353101
